/*****   ESTRUCTURA   ******/
USE master
GO
sp_configure 'show advanced options', 1
GO
RECONFIGURE
GO
sp_configure 'CONTAINED DATABASE AUTHENTICATION', 1
GO
RECONFIGURE
GO
sp_configure 'show advanced options', 0
GO
RECONFIGURE
GO

CREATE DATABASE [COMEFREXCO]
CONTAINMENT = PARTIAL
GO
USE [COMEFREXCO]
GO
/****** Object:  Schema [COM]    ******/
CREATE SCHEMA [COM]
GO
/****** Object:  DatabaseRole [ADMIN_ROLE]    ******/
CREATE ROLE [ADMIN_ROLE] AUTHORIZATION[dbo]
GO
ALTER AUTHORIZATION ON SCHEMA::[COM] TO [ADMIN_ROLE]
GO
/****** Object:  Table [COM].[DEPARTAMENTO]    ******/
SET ANSI_NULLS ON
GO
SET QUOTED_IDENTIFIER ON
GO
CREATE TABLE [COM].[DEPARTAMENTO](
    [DEP_ID] [int] IDENTITY(1,1) NOT NULL,
    [DEP_DESC] [nvarchar](100) NOT NULL,
PRIMARY KEY CLUSTERED
(
    [DEP_ID] ASC
)WITH (STATISTICS_NORECOMPUTE = OFF, IGNORE_DUP_KEY = OFF) ON [PRIMARY]
) ON [PRIMARY]
GO
/****** Object:  Table [COM].[FINCA]    ******/
SET ANSI_NULLS ON
GO
SET QUOTED_IDENTIFIER ON
GO
CREATE TABLE [COM].[FINCA](
    [FIN_ID] [int] IDENTITY(1,1) NOT NULL,
    [PER_ID] [int] NOT NULL,
    [VER_ID] [int] NOT NULL,
    [FIN_DESC] [varchar](60) NOT NULL,
PRIMARY KEY CLUSTERED
(
    [FIN_ID] ASC
)WITH (STATISTICS_NORECOMPUTE = OFF, IGNORE_DUP_KEY = OFF) ON [PRIMARY]
) ON [PRIMARY]
GO
/****** Object:  Table [COM].[MONITOREO]    ******/
SET ANSI_NULLS ON
GO
SET QUOTED_IDENTIFIER ON
GO
CREATE TABLE [COM].[MONITOREO](
    [MONI_ID] [int] IDENTITY(1,1) NOT NULL,
    [PLAG_ID] [int] NOT NULL,
    [PER_ID] [int] NOT NULL,
    [FIN_ID] [int] NOT NULL,
    [MONI_FECHA] [date] NOT NULL,
    [MONI_USUMODIFI] [nvarchar](20) NOT NULL,
    [MONI_FECHAMODIFI] [datetime] NOT NULL,
PRIMARY KEY CLUSTERED
(
    [MONI_ID] ASC
)WITH (STATISTICS_NORECOMPUTE = OFF, IGNORE_DUP_KEY = OFF) ON [PRIMARY]
) ON [PRIMARY]
GO
/****** Object:  Table [COM].[MONITOREO_DETALLE]    ******/
SET ANSI_NULLS ON
GO
SET QUOTED_IDENTIFIER ON
GO
CREATE TABLE [COM].[MONITOREO_DETALLE](
    [MONIDE_ID] [int] NOT NULL,
    [MONDE_ITEM] [int] NOT NULL,
    [MONIDE_NARBOL] [nvarchar](9) NOT NULL,
    [MONIDE_DRAMAS] [nvarchar](5) NOT NULL,
    [MONIDE_DINFLORES] [nvarchar](5) NOT NULL,
    [MONIDE_NINFLORES] [int] NOT NULL,
    [MONIDE_DFRUTOS] [nvarchar](5) NOT NULL,
    [MONIDE_NFRUTOS] [int] NOT NULL,
    [MONIDE_TALLO] [nvarchar](5) NOT NULL,
    [MONIDE_PARASITA] [nvarchar](5) NOT NULL,
    [MONIDE_OVARIO] [nvarchar](5) NOT NULL,
    [MONIDE_ACAROS] [nvarchar](5) NOT NULL,
    [MONIDE_PHYTOPHTORA] [varchar](5) NOT NULL,
    [MONIDE_LOTENUM] [int] NOT NULL
) ON [PRIMARY]
GO
/****** Object:  Table [COM].[MUNICIPIO]    ******/
SET ANSI_NULLS ON
GO
SET QUOTED_IDENTIFIER ON
GO
CREATE TABLE [COM].[MUNICIPIO](
    [MUN_ID] [int] IDENTITY(1,1) NOT NULL,
    [MUN_DESC] [nvarchar](100) NOT NULL,
    [DEP_ID] [int] NOT NULL,
 CONSTRAINT [PK_MUNI_ID] PRIMARY KEY CLUSTERED
(
    [MUN_ID] ASC
)WITH (STATISTICS_NORECOMPUTE = OFF, IGNORE_DUP_KEY = OFF) ON [PRIMARY]
) ON [PRIMARY]
GO
/****** Object:  Table [COM].[PERMISOS]    ******/
SET ANSI_NULLS ON
GO
SET QUOTED_IDENTIFIER ON
GO
CREATE TABLE [COM].[PERMISOS](
    [ACC_USUARIO] [nvarchar](20) NOT NULL,
    [ACC_MODULO] [nvarchar](30) NOT NULL,
    [ACC_OPERACION] [nvarchar](30) NOT NULL,
    [ID_OPERACION] [int] NOT NULL,
    [ACC_GRANTE] [nvarchar](5) NOT NULL
) ON [PRIMARY]
GO
/****** Object:  Table [COM].[PERSONA]    ******/
SET ANSI_NULLS ON
GO
SET QUOTED_IDENTIFIER ON
GO
CREATE TABLE [COM].[PERSONA](
    [PER_ID] [int] IDENTITY(1,1) NOT NULL,
    [PER_NIT] [nvarchar](12) NOT NULL,
    [PER_NOMBRE1] [nvarchar](40) NOT NULL,
    [PER_NOMBRE2] [nvarchar](40) NULL,
    [PER_APELLIDO1] [nvarchar](40) NOT NULL,
    [PER_APELLIDO2] [nvarchar](40) NOT NULL,
    [PER_TELEFONO] [nvarchar](10) NULL,
PRIMARY KEY CLUSTERED
(
    [PER_ID] ASC
)WITH (STATISTICS_NORECOMPUTE = OFF, IGNORE_DUP_KEY = OFF) ON [PRIMARY]
) ON [PRIMARY]
GO
/****** Object:  Table [COM].[PLAGA]    ******/
SET ANSI_NULLS ON
GO
SET QUOTED_IDENTIFIER ON
GO
CREATE TABLE [COM].[PLAGA](
    [PLAG_ID] [int] IDENTITY(1,1) NOT NULL,
    [PLAG_DESC] [nvarchar](45) NOT NULL,
    [PLAG_NOM] [nvarchar](100) NOT NULL,
PRIMARY KEY CLUSTERED
(
    [PLAG_ID] ASC
)WITH (STATISTICS_NORECOMPUTE = OFF, IGNORE_DUP_KEY = OFF) ON [PRIMARY]
) ON [PRIMARY]
GO
/****** Object:  Table [COM].[USUARIO]    ******/
SET ANSI_NULLS ON
GO
SET QUOTED_IDENTIFIER ON
GO
CREATE TABLE [COM].[USUARIO](
    [USU_USU] [nvarchar](20) NOT NULL,
    [USU_CLAVE] [nvarchar](255) NOT NULL,
    [USU_ADMIN] [nvarchar](5) NOT NULL,
    [USU_NOMBRE] [nvarchar](80) NOT NULL,
PRIMARY KEY CLUSTERED
(
    [USU_USU] ASC
)WITH (STATISTICS_NORECOMPUTE = OFF, IGNORE_DUP_KEY = OFF) ON [PRIMARY]
) ON [PRIMARY]
GO
/****** Object:  Table [COM].[VEREDA]    ******/
SET ANSI_NULLS ON
GO
SET QUOTED_IDENTIFIER ON
GO
CREATE TABLE [COM].[VEREDA](
    [VER_ID] [int] IDENTITY(1,1) NOT NULL,
    [VER_DESC] [nvarchar](100) NOT NULL,
    [MUN_ID] [int] NOT NULL,
PRIMARY KEY CLUSTERED
(
    [VER_ID] ASC
)WITH (STATISTICS_NORECOMPUTE = OFF, IGNORE_DUP_KEY = OFF) ON [PRIMARY]
) ON [PRIMARY]
GO

ALTER TABLE [COM].[USUARIO] ADD  DEFAULT ('') FOR [USU_NOMBRE]
GO
ALTER TABLE [COM].[FINCA]  WITH CHECK ADD  CONSTRAINT [FK_FINCA_PERSONA] FOREIGN KEY([PER_ID])
REFERENCES [COM].[PERSONA] ([PER_ID])
GO
ALTER TABLE [COM].[FINCA] CHECK CONSTRAINT [FK_FINCA_PERSONA]
GO
ALTER TABLE [COM].[FINCA]  WITH CHECK ADD  CONSTRAINT [FK_FINCA_VEREDA] FOREIGN KEY([VER_ID])
REFERENCES [COM].[VEREDA] ([VER_ID])
GO
ALTER TABLE [COM].[FINCA] CHECK CONSTRAINT [FK_FINCA_VEREDA]
GO
ALTER TABLE [COM].[MONITOREO]  WITH CHECK ADD  CONSTRAINT [FK_MONITOREO_FINCA] FOREIGN KEY([FIN_ID])
REFERENCES [COM].[FINCA] ([FIN_ID])
GO
ALTER TABLE [COM].[MONITOREO] CHECK CONSTRAINT [FK_MONITOREO_FINCA]
GO
ALTER TABLE [COM].[MONITOREO]  WITH CHECK ADD  CONSTRAINT [FK_MONITOREO_PERSONA] FOREIGN KEY([PER_ID])
REFERENCES [COM].[PERSONA] ([PER_ID])
GO
ALTER TABLE [COM].[MONITOREO] CHECK CONSTRAINT [FK_MONITOREO_PERSONA]
GO
ALTER TABLE [COM].[MONITOREO]  WITH CHECK ADD  CONSTRAINT [FK_MONITOREO_PLAGA] FOREIGN KEY([PLAG_ID])
REFERENCES [COM].[PLAGA] ([PLAG_ID])
GO
ALTER TABLE [COM].[MONITOREO] CHECK CONSTRAINT [FK_MONITOREO_PLAGA]
GO
ALTER TABLE [COM].[MONITOREO]  WITH CHECK ADD  CONSTRAINT [FK_MONITOREO_USUARIO] FOREIGN KEY([MONI_USUMODIFI])
REFERENCES [COM].[USUARIO] ([USU_USU])
GO
ALTER TABLE [COM].[MONITOREO] CHECK CONSTRAINT [FK_MONITOREO_USUARIO]
GO
ALTER TABLE [COM].[MONITOREO_DETALLE]  WITH CHECK ADD  CONSTRAINT [FK_MONITOREO_DETALLE_MONITOREO] FOREIGN KEY([MONIDE_ID])
REFERENCES [COM].[MONITOREO] ([MONI_ID])
ON DELETE CASCADE
GO
ALTER TABLE [COM].[MONITOREO_DETALLE] CHECK CONSTRAINT [FK_MONITOREO_DETALLE_MONITOREO]
GO
ALTER TABLE [COM].[MUNICIPIO]  WITH CHECK ADD  CONSTRAINT [FK_MUNICIPIO_DEPARTAMENTO] FOREIGN KEY([DEP_ID])
REFERENCES [COM].[DEPARTAMENTO] ([DEP_ID])
GO
ALTER TABLE [COM].[MUNICIPIO] CHECK CONSTRAINT [FK_MUNICIPIO_DEPARTAMENTO]
GO
ALTER TABLE [COM].[PERMISOS]  WITH CHECK ADD  CONSTRAINT [FK_PERMISOS_USUARIO] FOREIGN KEY([ACC_USUARIO])
REFERENCES [COM].[USUARIO] ([USU_USU])
ON DELETE CASCADE
GO
ALTER TABLE [COM].[PERMISOS] CHECK CONSTRAINT [FK_PERMISOS_USUARIO]
GO
ALTER TABLE [COM].[VEREDA]  WITH CHECK ADD  CONSTRAINT [FK_VEREDA_MUNICIPIO] FOREIGN KEY([MUN_ID])
REFERENCES [COM].[MUNICIPIO] ([MUN_ID])
GO
ALTER TABLE [COM].[VEREDA] CHECK CONSTRAINT [FK_VEREDA_MUNICIPIO]
GO


/****** Object:  Trigger [COM].[USUARIO_AD]    Script Date: 6/07/2019 6:03:16 p. m. ******/
SET ANSI_NULLS ON
GO
SET QUOTED_IDENTIFIER ON
GO
CREATE TRIGGER [COM].[USUARIO_AD] ON [COM].[USUARIO] AFTER DELETE
AS
BEGIN

   DECLARE @USUARIO     NVARCHAR(20),
           @STRINGQUERY NVARCHAR(500),
           @MESSAGE     NVARCHAR(200)

   SELECT @USUARIO = USU_USU FROM DELETED;

   BEGIN
   SELECT @STRINGQUERY =  'DROP USER [' + @USUARIO + '];';
   EXEC SYS.SP_EXECUTESQL @STRINGQUERY;
   END

END
GO
ALTER TABLE [COM].[USUARIO] ENABLE TRIGGER [USUARIO_AD]
GO


/****** Object:  Trigger [COM].[USUARIO_AI]    Script Date: 6/07/2019 6:03:17 p. m. ******/
SET ANSI_NULLS ON
GO
SET QUOTED_IDENTIFIER ON
GO
CREATE   TRIGGER [COM].[USUARIO_AI] ON [COM].[USUARIO] AFTER INSERT
AS
BEGIN

DECLARE @USUARIO     NVARCHAR(20),
        @CLAVE       NVARCHAR(255),
        @ADMIN       NVARCHAR(5),
        @STRINGQUERY NVARCHAR(500),
        @MESSAGE     NVARCHAR(200)

SELECT @USUARIO = USU_USU, @CLAVE = USU_CLAVE, @ADMIN = USU_ADMIN
FROM INSERTED


BEGIN
SELECT @STRINGQUERY = 'CREATE USER [' + @USUARIO + '] WITH PASSWORD = ''' + @CLAVE + ''';';
EXEC SYS.SP_EXECUTESQL @STRINGQUERY;
END

BEGIN

INSERT INTO COM.PERMISOS
SELECT '' + @USUARIO AS ACC_USUARIO, ACC_MODULO, ACC_OPERACION, ID_OPERACION, 'FALSE' AS ACC_GRANTE FROM COM.PERMISOS WHERE ACC_USUARIO = 'COMEFREXCOADMIN';

END

BEGIN
SELECT @STRINGQUERY = 'GRANT SELECT ON [COM].[PERMISOS] TO ['+ @USUARIO + ']';
EXEC SYS.SP_EXECUTESQL @STRINGQUERY;

SELECT @STRINGQUERY = 'GRANT SELECT ON [COM].[USUARIO] TO ['+ @USUARIO + ']';
EXEC SYS.SP_EXECUTESQL @STRINGQUERY;
END

IF(@ADMIN = 'TRUE')
BEGIN

SELECT @STRINGQUERY = 'GRANT ALTER ANY USER TO ['+ @USUARIO + '] WITH GRANT OPTION';
EXEC SYS.SP_EXECUTESQL @STRINGQUERY;

SELECT @STRINGQUERY = 'GRANT ALTER ANY ROLE TO ['+ @USUARIO + '] WITH GRANT OPTION';
EXEC SYS.SP_EXECUTESQL @STRINGQUERY;

SELECT @STRINGQUERY = 'ALTER ROLE [ADMIN_ROLE] ADD MEMBER ['+ @USUARIO + ']';
EXEC SYS.SP_EXECUTESQL @STRINGQUERY;
END

END
GO
ALTER TABLE [COM].[USUARIO] ENABLE TRIGGER [USUARIO_AI]
GO


/****** Object:  Trigger [COM].[USUARIO_AU]    Script Date: 6/07/2019 6:03:18 p. m. ******/
SET ANSI_NULLS ON
GO
SET QUOTED_IDENTIFIER ON
GO
CREATE TRIGGER [COM].[USUARIO_AU] ON [COM].[USUARIO] AFTER UPDATE
AS
BEGIN

DECLARE @USUARIO       NVARCHAR(20),
        @CLAVE         NVARCHAR(255),
        @CLAVE_BEFORE  NVARCHAR(255),
        @ADMIN         NVARCHAR(5),
        @ADMIN_BEFORE  NVARCHAR(5),
        @STRINGQUERY   NVARCHAR(500);


SELECT @USUARIO = USU_USU, @CLAVE = USU_CLAVE, @ADMIN = USU_ADMIN
FROM INSERTED;


SELECT @CLAVE_BEFORE = USU_CLAVE, --COMPRUEBA SI EL DATO ANTERIOR CAMBIO
       @ADMIN_BEFORE = USU_ADMIN  --COMPRUEBA SI EL DATO ANTERIOR ERA ADMINISTRADOR
FROM DELETED;


-- CAMBIA LA CLAVE DEL USUARIO DIRECTAMENTE EN LA BD.
IF(@CLAVE != @CLAVE_BEFORE)
BEGIN
   SELECT @STRINGQUERY = 'ALTER USER [' + @USUARIO + '] WITH PASSWORD = ''' + @CLAVE + ''';';
   EXEC SYS.SP_EXECUTESQL @STRINGQUERY;
END

ELSE
BEGIN
   IF(@ADMIN != @ADMIN_BEFORE)
   BEGIN
      IF(@ADMIN = 'TRUE')
      BEGIN
         SELECT @STRINGQUERY = 'GRANT ALTER ANY USER TO ['+ @USUARIO + '] WITH GRANT OPTION';
         EXEC SYS.SP_EXECUTESQL @STRINGQUERY;

         SELECT @STRINGQUERY = 'GRANT ALTER ANY ROLE TO ['+ @USUARIO + '] WITH GRANT OPTION';
         EXEC SYS.SP_EXECUTESQL @STRINGQUERY;

         SELECT @STRINGQUERY = 'ALTER ROLE [ADMIN_ROLE] ADD MEMBER ['+ @USUARIO + ']';
         EXEC SYS.SP_EXECUTESQL @STRINGQUERY;
      END
      ELSE
      BEGIN
         SELECT @STRINGQUERY = 'ALTER ROLE [ADMIN_ROLE] DROP MEMBER ['+ @USUARIO + ']';
         EXEC SYS.SP_EXECUTESQL @STRINGQUERY;
      END
   END
END

END
GO
ALTER TABLE [COM].[USUARIO] ENABLE TRIGGER [USUARIO_AU]
GO



/****** Object:  StoredProcedure [COM].[DENY_ACCES]    Script Date: 6/07/2019 6:03:16 p. m. ******/
SET ANSI_NULLS ON
GO
SET QUOTED_IDENTIFIER ON
GO
CREATE   PROCEDURE [COM].[DENY_ACCES]
@USER NVARCHAR(20),
@MODULE NVARCHAR(20),
@OPTION NVARCHAR(20)
AS
BEGIN

BEGIN TRY
BEGIN TRANSACTION GRANTE

BEGIN
DECLARE @STRINGQUERY NVARCHAR(500) = (SELECT 'DENY ' + @OPTION + ' ON [COM].[' + @MODULE + '] TO ['+ @USER + ']');
EXEC SYS.SP_EXECUTESQL @STRINGQUERY;
END

BEGIN
UPDATE COM.PERMISOS SET ACC_GRANTE = 'FALSE' WHERE ACC_MODULO = @MODULE AND ACC_OPERACION = @OPTION AND ACC_USUARIO = @USER;
END

COMMIT TRANSACTION GRANTE
END TRY
BEGIN CATCH
ROLLBACK TRANSACTION GRANTE;
DECLARE @MESSAGE NVARCHAR(200)= (SELECT ERROR_MESSAGE());
RAISERROR(@MESSAGE,18,1);
END CATCH

END
GO


/****** Object:  StoredProcedure [COM].[GRANT_ACCES]    Script Date: 6/07/2019 6:03:16 p. m. ******/
SET ANSI_NULLS ON
GO
SET QUOTED_IDENTIFIER ON
GO
CREATE   PROCEDURE [COM].[GRANT_ACCES]
@USER NVARCHAR(20),
@MODULE NVARCHAR(20),
@OPTION NVARCHAR(20)
AS
BEGIN

BEGIN TRY
BEGIN TRANSACTION GRANTE

BEGIN
DECLARE @STRINGQUERY NVARCHAR(500) = (SELECT 'GRANT ' + @OPTION + ' ON [COM].[' + @MODULE + '] TO ['+ @USER + ']');
EXEC SYS.SP_EXECUTESQL @STRINGQUERY;
END

BEGIN
UPDATE COM.PERMISOS SET ACC_GRANTE = 'TRUE' WHERE ACC_MODULO = @MODULE AND ACC_OPERACION = @OPTION AND ACC_USUARIO = @USER;
END

COMMIT TRANSACTION GRANTE
END TRY
BEGIN CATCH
ROLLBACK TRANSACTION GRANTE;
DECLARE @MESSAGE NVARCHAR(200)= (SELECT ERROR_MESSAGE());
RAISERROR(@MESSAGE,18,1);
END CATCH

END
GO


/*****   DATOS   ********/

/****** Object:  User [COMEFREXCOADMIN]    Script Date: 6/07/2019 6:02:47 p. m. ******/
INSERT INTO [COM].USUARIO (USU_USU, USU_CLAVE, USU_ADMIN, USU_NOMBRE)
       VALUES ('COMEFREXCOADMIN', 'x9T2pM*_-*', 'TRUE', 'ADMINISTRADOR DEL SISTEMA')
GO

/*POBLADO DE TABLA DE ACCESOS*/
INSERT [COM].[PERMISOS] ([ACC_USUARIO], [ACC_MODULO], [ACC_OPERACION], [ID_OPERACION], [ACC_GRANTE]) VALUES (N'COMEFREXCOADMIN', N'DEPARTAMENTO', N'INSERT', 1, N'FALSE')
INSERT [COM].[PERMISOS] ([ACC_USUARIO], [ACC_MODULO], [ACC_OPERACION], [ID_OPERACION], [ACC_GRANTE]) VALUES (N'COMEFREXCOADMIN', N'FINCA', N'INSERT', 1, N'FALSE')
INSERT [COM].[PERMISOS] ([ACC_USUARIO], [ACC_MODULO], [ACC_OPERACION], [ID_OPERACION], [ACC_GRANTE]) VALUES (N'COMEFREXCOADMIN', N'MONITOREO', N'INSERT', 1, N'FALSE')
INSERT [COM].[PERMISOS] ([ACC_USUARIO], [ACC_MODULO], [ACC_OPERACION], [ID_OPERACION], [ACC_GRANTE]) VALUES (N'COMEFREXCOADMIN', N'MUNICIPIO', N'INSERT', 1, N'FALSE')
INSERT [COM].[PERMISOS] ([ACC_USUARIO], [ACC_MODULO], [ACC_OPERACION], [ID_OPERACION], [ACC_GRANTE]) VALUES (N'COMEFREXCOADMIN', N'PERSONA', N'INSERT', 1, N'FALSE')
INSERT [COM].[PERMISOS] ([ACC_USUARIO], [ACC_MODULO], [ACC_OPERACION], [ID_OPERACION], [ACC_GRANTE]) VALUES (N'COMEFREXCOADMIN', N'PLAGA', N'INSERT', 1, N'FALSE')
INSERT [COM].[PERMISOS] ([ACC_USUARIO], [ACC_MODULO], [ACC_OPERACION], [ID_OPERACION], [ACC_GRANTE]) VALUES (N'COMEFREXCOADMIN', N'VEREDA', N'INSERT', 1, N'FALSE')
INSERT [COM].[PERMISOS] ([ACC_USUARIO], [ACC_MODULO], [ACC_OPERACION], [ID_OPERACION], [ACC_GRANTE]) VALUES (N'COMEFREXCOADMIN', N'DEPARTAMENTO', N'UPDATE', 2, N'FALSE')
INSERT [COM].[PERMISOS] ([ACC_USUARIO], [ACC_MODULO], [ACC_OPERACION], [ID_OPERACION], [ACC_GRANTE]) VALUES (N'COMEFREXCOADMIN', N'FINCA', N'UPDATE', 2, N'FALSE')
INSERT [COM].[PERMISOS] ([ACC_USUARIO], [ACC_MODULO], [ACC_OPERACION], [ID_OPERACION], [ACC_GRANTE]) VALUES (N'COMEFREXCOADMIN', N'MONITOREO', N'UPDATE', 2, N'FALSE')
INSERT [COM].[PERMISOS] ([ACC_USUARIO], [ACC_MODULO], [ACC_OPERACION], [ID_OPERACION], [ACC_GRANTE]) VALUES (N'COMEFREXCOADMIN', N'MUNICIPIO', N'UPDATE', 2, N'FALSE')
INSERT [COM].[PERMISOS] ([ACC_USUARIO], [ACC_MODULO], [ACC_OPERACION], [ID_OPERACION], [ACC_GRANTE]) VALUES (N'COMEFREXCOADMIN', N'PERSONA', N'UPDATE', 2, N'FALSE')
INSERT [COM].[PERMISOS] ([ACC_USUARIO], [ACC_MODULO], [ACC_OPERACION], [ID_OPERACION], [ACC_GRANTE]) VALUES (N'COMEFREXCOADMIN', N'PLAGA', N'UPDATE', 2, N'FALSE')
INSERT [COM].[PERMISOS] ([ACC_USUARIO], [ACC_MODULO], [ACC_OPERACION], [ID_OPERACION], [ACC_GRANTE]) VALUES (N'COMEFREXCOADMIN', N'VEREDA', N'UPDATE', 2, N'FALSE')
INSERT [COM].[PERMISOS] ([ACC_USUARIO], [ACC_MODULO], [ACC_OPERACION], [ID_OPERACION], [ACC_GRANTE]) VALUES (N'COMEFREXCOADMIN', N'DEPARTAMENTO', N'DELETE', 3, N'FALSE')
INSERT [COM].[PERMISOS] ([ACC_USUARIO], [ACC_MODULO], [ACC_OPERACION], [ID_OPERACION], [ACC_GRANTE]) VALUES (N'COMEFREXCOADMIN', N'FINCA', N'DELETE', 3, N'FALSE')
INSERT [COM].[PERMISOS] ([ACC_USUARIO], [ACC_MODULO], [ACC_OPERACION], [ID_OPERACION], [ACC_GRANTE]) VALUES (N'COMEFREXCOADMIN', N'MONITOREO', N'DELETE', 3, N'FALSE')
INSERT [COM].[PERMISOS] ([ACC_USUARIO], [ACC_MODULO], [ACC_OPERACION], [ID_OPERACION], [ACC_GRANTE]) VALUES (N'COMEFREXCOADMIN', N'MUNICIPIO', N'DELETE', 3, N'FALSE')
INSERT [COM].[PERMISOS] ([ACC_USUARIO], [ACC_MODULO], [ACC_OPERACION], [ID_OPERACION], [ACC_GRANTE]) VALUES (N'COMEFREXCOADMIN', N'PERSONA', N'DELETE', 3, N'FALSE')
INSERT [COM].[PERMISOS] ([ACC_USUARIO], [ACC_MODULO], [ACC_OPERACION], [ID_OPERACION], [ACC_GRANTE]) VALUES (N'COMEFREXCOADMIN', N'PLAGA', N'DELETE', 3, N'FALSE')
INSERT [COM].[PERMISOS] ([ACC_USUARIO], [ACC_MODULO], [ACC_OPERACION], [ID_OPERACION], [ACC_GRANTE]) VALUES (N'COMEFREXCOADMIN', N'VEREDA', N'DELETE', 3, N'FALSE')
INSERT [COM].[PERMISOS] ([ACC_USUARIO], [ACC_MODULO], [ACC_OPERACION], [ID_OPERACION], [ACC_GRANTE]) VALUES (N'COMEFREXCOADMIN', N'DEPARTAMENTO', N'SELECT', 4, N'FALSE')
INSERT [COM].[PERMISOS] ([ACC_USUARIO], [ACC_MODULO], [ACC_OPERACION], [ID_OPERACION], [ACC_GRANTE]) VALUES (N'COMEFREXCOADMIN', N'FINCA', N'SELECT', 4, N'FALSE')
INSERT [COM].[PERMISOS] ([ACC_USUARIO], [ACC_MODULO], [ACC_OPERACION], [ID_OPERACION], [ACC_GRANTE]) VALUES (N'COMEFREXCOADMIN', N'MONITOREO', N'SELECT', 4, N'FALSE')
INSERT [COM].[PERMISOS] ([ACC_USUARIO], [ACC_MODULO], [ACC_OPERACION], [ID_OPERACION], [ACC_GRANTE]) VALUES (N'COMEFREXCOADMIN', N'MUNICIPIO', N'SELECT', 4, N'FALSE')
INSERT [COM].[PERMISOS] ([ACC_USUARIO], [ACC_MODULO], [ACC_OPERACION], [ID_OPERACION], [ACC_GRANTE]) VALUES (N'COMEFREXCOADMIN', N'PERSONA', N'SELECT', 4, N'FALSE')
INSERT [COM].[PERMISOS] ([ACC_USUARIO], [ACC_MODULO], [ACC_OPERACION], [ID_OPERACION], [ACC_GRANTE]) VALUES (N'COMEFREXCOADMIN', N'PLAGA', N'SELECT', 4, N'FALSE')
INSERT [COM].[PERMISOS] ([ACC_USUARIO], [ACC_MODULO], [ACC_OPERACION], [ID_OPERACION], [ACC_GRANTE]) VALUES (N'COMEFREXCOADMIN', N'VEREDA', N'SELECT', 4, N'FALSE')

/*INSERT APARTAMENTOS*/
SET IDENTITY_INSERT [COM].[DEPARTAMENTO] ON
INSERT [COM].[DEPARTAMENTO] ([DEP_ID], [DEP_DESC]) VALUES (5, N'ANTIOQUIA')
INSERT [COM].[DEPARTAMENTO] ([DEP_ID], [DEP_DESC]) VALUES (8, N'ATLANTICO')
INSERT [COM].[DEPARTAMENTO] ([DEP_ID], [DEP_DESC]) VALUES (11, N'BOGOTA')
INSERT [COM].[DEPARTAMENTO] ([DEP_ID], [DEP_DESC]) VALUES (13, N'BOLIVAR')
INSERT [COM].[DEPARTAMENTO] ([DEP_ID], [DEP_DESC]) VALUES (15, N'BOYACA')
INSERT [COM].[DEPARTAMENTO] ([DEP_ID], [DEP_DESC]) VALUES (17, N'CALDAS')
INSERT [COM].[DEPARTAMENTO] ([DEP_ID], [DEP_DESC]) VALUES (18, N'CAQUETA')
INSERT [COM].[DEPARTAMENTO] ([DEP_ID], [DEP_DESC]) VALUES (19, N'CAUCA')
INSERT [COM].[DEPARTAMENTO] ([DEP_ID], [DEP_DESC]) VALUES (20, N'CESAR')
INSERT [COM].[DEPARTAMENTO] ([DEP_ID], [DEP_DESC]) VALUES (23, N'CORDOBA')
INSERT [COM].[DEPARTAMENTO] ([DEP_ID], [DEP_DESC]) VALUES (25, N'CUNDINAMARCA')
INSERT [COM].[DEPARTAMENTO] ([DEP_ID], [DEP_DESC]) VALUES (27, N'CHOCO')
INSERT [COM].[DEPARTAMENTO] ([DEP_ID], [DEP_DESC]) VALUES (41, N'HUILA')
INSERT [COM].[DEPARTAMENTO] ([DEP_ID], [DEP_DESC]) VALUES (44, N'LA GUAJIRA')
INSERT [COM].[DEPARTAMENTO] ([DEP_ID], [DEP_DESC]) VALUES (47, N'MAGDALENA')
INSERT [COM].[DEPARTAMENTO] ([DEP_ID], [DEP_DESC]) VALUES (50, N'META')
INSERT [COM].[DEPARTAMENTO] ([DEP_ID], [DEP_DESC]) VALUES (52, N'NARIÑO')
INSERT [COM].[DEPARTAMENTO] ([DEP_ID], [DEP_DESC]) VALUES (54, N'N. DE SANTANDER')
INSERT [COM].[DEPARTAMENTO] ([DEP_ID], [DEP_DESC]) VALUES (63, N'QUINDIO')
INSERT [COM].[DEPARTAMENTO] ([DEP_ID], [DEP_DESC]) VALUES (66, N'RISARALDA')
INSERT [COM].[DEPARTAMENTO] ([DEP_ID], [DEP_DESC]) VALUES (68, N'SANTANDER')
INSERT [COM].[DEPARTAMENTO] ([DEP_ID], [DEP_DESC]) VALUES (70, N'SUCRE')
INSERT [COM].[DEPARTAMENTO] ([DEP_ID], [DEP_DESC]) VALUES (73, N'TOLIMA')
INSERT [COM].[DEPARTAMENTO] ([DEP_ID], [DEP_DESC]) VALUES (76, N'VALLE DEL CAUCA')
INSERT [COM].[DEPARTAMENTO] ([DEP_ID], [DEP_DESC]) VALUES (81, N'ARAUCA')
INSERT [COM].[DEPARTAMENTO] ([DEP_ID], [DEP_DESC]) VALUES (85, N'CASANARE')
INSERT [COM].[DEPARTAMENTO] ([DEP_ID], [DEP_DESC]) VALUES (86, N'PUTUMAYO')
INSERT [COM].[DEPARTAMENTO] ([DEP_ID], [DEP_DESC]) VALUES (88, N'SAN ANDRES')
INSERT [COM].[DEPARTAMENTO] ([DEP_ID], [DEP_DESC]) VALUES (91, N'AMAZONAS')
INSERT [COM].[DEPARTAMENTO] ([DEP_ID], [DEP_DESC]) VALUES (94, N'GUAINIA')
INSERT [COM].[DEPARTAMENTO] ([DEP_ID], [DEP_DESC]) VALUES (95, N'GUAVIARE')
INSERT [COM].[DEPARTAMENTO] ([DEP_ID], [DEP_DESC]) VALUES (97, N'VAUPES')
INSERT [COM].[DEPARTAMENTO] ([DEP_ID], [DEP_DESC]) VALUES (99, N'VICHADA')
SET IDENTITY_INSERT [COM].[DEPARTAMENTO] OFF

/*INSERT MUNICIPIOS*/


SET IDENTITY_INSERT [COM].[MUNICIPIO] ON

INSERT [COM].[MUNICIPIO] ([MUN_ID], [MUN_DESC], [DEP_ID]) VALUES (1, N'MEDELLIN', 5)
INSERT [COM].[MUNICIPIO] ([MUN_ID], [MUN_DESC], [DEP_ID]) VALUES (2, N'ABEJORRAL', 5)
INSERT [COM].[MUNICIPIO] ([MUN_ID], [MUN_DESC], [DEP_ID]) VALUES (3, N'ABRIAQUI', 5)
INSERT [COM].[MUNICIPIO] ([MUN_ID], [MUN_DESC], [DEP_ID]) VALUES (4, N'ALEJANDRIA', 5)
INSERT [COM].[MUNICIPIO] ([MUN_ID], [MUN_DESC], [DEP_ID]) VALUES (5, N'AMAGA', 5)
INSERT [COM].[MUNICIPIO] ([MUN_ID], [MUN_DESC], [DEP_ID]) VALUES (6, N'AMALFI', 5)
INSERT [COM].[MUNICIPIO] ([MUN_ID], [MUN_DESC], [DEP_ID]) VALUES (7, N'ANDES', 5)
INSERT [COM].[MUNICIPIO] ([MUN_ID], [MUN_DESC], [DEP_ID]) VALUES (8, N'ANGELOPOLIS', 5)
INSERT [COM].[MUNICIPIO] ([MUN_ID], [MUN_DESC], [DEP_ID]) VALUES (9, N'ANGOSTURA', 5)
INSERT [COM].[MUNICIPIO] ([MUN_ID], [MUN_DESC], [DEP_ID]) VALUES (10, N'ANORI', 5)
INSERT [COM].[MUNICIPIO] ([MUN_ID], [MUN_DESC], [DEP_ID]) VALUES (11, N'SANTAFE DE ANTIOQUIA', 5)
INSERT [COM].[MUNICIPIO] ([MUN_ID], [MUN_DESC], [DEP_ID]) VALUES (12, N'ANZA', 5)
INSERT [COM].[MUNICIPIO] ([MUN_ID], [MUN_DESC], [DEP_ID]) VALUES (13, N'APARTADO', 5)
INSERT [COM].[MUNICIPIO] ([MUN_ID], [MUN_DESC], [DEP_ID]) VALUES (14, N'ARBOLETES', 5)
INSERT [COM].[MUNICIPIO] ([MUN_ID], [MUN_DESC], [DEP_ID]) VALUES (15, N'ARGELIA', 5)
INSERT [COM].[MUNICIPIO] ([MUN_ID], [MUN_DESC], [DEP_ID]) VALUES (16, N'ARMENIA', 5)
INSERT [COM].[MUNICIPIO] ([MUN_ID], [MUN_DESC], [DEP_ID]) VALUES (17, N'BARBOSA', 5)
INSERT [COM].[MUNICIPIO] ([MUN_ID], [MUN_DESC], [DEP_ID]) VALUES (18, N'BELMIRA', 5)
INSERT [COM].[MUNICIPIO] ([MUN_ID], [MUN_DESC], [DEP_ID]) VALUES (19, N'BELLO', 5)
INSERT [COM].[MUNICIPIO] ([MUN_ID], [MUN_DESC], [DEP_ID]) VALUES (20, N'BETANIA', 5)
INSERT [COM].[MUNICIPIO] ([MUN_ID], [MUN_DESC], [DEP_ID]) VALUES (21, N'BETULIA', 5)
INSERT [COM].[MUNICIPIO] ([MUN_ID], [MUN_DESC], [DEP_ID]) VALUES (22, N'CIUDAD BOLIVAR', 5)
INSERT [COM].[MUNICIPIO] ([MUN_ID], [MUN_DESC], [DEP_ID]) VALUES (23, N'BRICEÑO', 5)
INSERT [COM].[MUNICIPIO] ([MUN_ID], [MUN_DESC], [DEP_ID]) VALUES (24, N'BURITICA', 5)
INSERT [COM].[MUNICIPIO] ([MUN_ID], [MUN_DESC], [DEP_ID]) VALUES (25, N'CACERES', 5)
INSERT [COM].[MUNICIPIO] ([MUN_ID], [MUN_DESC], [DEP_ID]) VALUES (26, N'CAICEDO', 5)
INSERT [COM].[MUNICIPIO] ([MUN_ID], [MUN_DESC], [DEP_ID]) VALUES (27, N'CALDAS', 5)
INSERT [COM].[MUNICIPIO] ([MUN_ID], [MUN_DESC], [DEP_ID]) VALUES (28, N'CAMPAMENTO', 5)
INSERT [COM].[MUNICIPIO] ([MUN_ID], [MUN_DESC], [DEP_ID]) VALUES (29, N'CAÑASGORDAS', 5)
INSERT [COM].[MUNICIPIO] ([MUN_ID], [MUN_DESC], [DEP_ID]) VALUES (30, N'CARACOLI', 5)
INSERT [COM].[MUNICIPIO] ([MUN_ID], [MUN_DESC], [DEP_ID]) VALUES (31, N'CARAMANTA', 5)
INSERT [COM].[MUNICIPIO] ([MUN_ID], [MUN_DESC], [DEP_ID]) VALUES (32, N'CAREPA', 5)
INSERT [COM].[MUNICIPIO] ([MUN_ID], [MUN_DESC], [DEP_ID]) VALUES (33, N'EL CARMEN DE VIBORAL', 5)
INSERT [COM].[MUNICIPIO] ([MUN_ID], [MUN_DESC], [DEP_ID]) VALUES (34, N'CAROLINA', 5)
INSERT [COM].[MUNICIPIO] ([MUN_ID], [MUN_DESC], [DEP_ID]) VALUES (35, N'CAUCASIA', 5)
INSERT [COM].[MUNICIPIO] ([MUN_ID], [MUN_DESC], [DEP_ID]) VALUES (36, N'CHIGORODO', 5)
INSERT [COM].[MUNICIPIO] ([MUN_ID], [MUN_DESC], [DEP_ID]) VALUES (37, N'CISNEROS', 5)
INSERT [COM].[MUNICIPIO] ([MUN_ID], [MUN_DESC], [DEP_ID]) VALUES (38, N'COCORNA', 5)
INSERT [COM].[MUNICIPIO] ([MUN_ID], [MUN_DESC], [DEP_ID]) VALUES (39, N'CONCEPCION', 5)
INSERT [COM].[MUNICIPIO] ([MUN_ID], [MUN_DESC], [DEP_ID]) VALUES (40, N'CONCORDIA', 5)
INSERT [COM].[MUNICIPIO] ([MUN_ID], [MUN_DESC], [DEP_ID]) VALUES (41, N'COPACABANA', 5)
INSERT [COM].[MUNICIPIO] ([MUN_ID], [MUN_DESC], [DEP_ID]) VALUES (42, N'DABEIBA', 5)
INSERT [COM].[MUNICIPIO] ([MUN_ID], [MUN_DESC], [DEP_ID]) VALUES (43, N'DON MATIAS', 5)
INSERT [COM].[MUNICIPIO] ([MUN_ID], [MUN_DESC], [DEP_ID]) VALUES (44, N'EBEJICO', 5)
INSERT [COM].[MUNICIPIO] ([MUN_ID], [MUN_DESC], [DEP_ID]) VALUES (45, N'EL BAGRE', 5)
INSERT [COM].[MUNICIPIO] ([MUN_ID], [MUN_DESC], [DEP_ID]) VALUES (46, N'ENTRERRIOS', 5)
INSERT [COM].[MUNICIPIO] ([MUN_ID], [MUN_DESC], [DEP_ID]) VALUES (47, N'ENVIGADO', 5)
INSERT [COM].[MUNICIPIO] ([MUN_ID], [MUN_DESC], [DEP_ID]) VALUES (48, N'FREDONIA', 5)
INSERT [COM].[MUNICIPIO] ([MUN_ID], [MUN_DESC], [DEP_ID]) VALUES (49, N'FRONTINO', 5)
INSERT [COM].[MUNICIPIO] ([MUN_ID], [MUN_DESC], [DEP_ID]) VALUES (50, N'GIRALDO', 5)
INSERT [COM].[MUNICIPIO] ([MUN_ID], [MUN_DESC], [DEP_ID]) VALUES (51, N'GIRARDOTA', 5)
INSERT [COM].[MUNICIPIO] ([MUN_ID], [MUN_DESC], [DEP_ID]) VALUES (52, N'GOMEZ PLATA', 5)
INSERT [COM].[MUNICIPIO] ([MUN_ID], [MUN_DESC], [DEP_ID]) VALUES (53, N'GRANADA', 5)
INSERT [COM].[MUNICIPIO] ([MUN_ID], [MUN_DESC], [DEP_ID]) VALUES (54, N'GUADALUPE', 5)
INSERT [COM].[MUNICIPIO] ([MUN_ID], [MUN_DESC], [DEP_ID]) VALUES (55, N'GUARNE', 5)
INSERT [COM].[MUNICIPIO] ([MUN_ID], [MUN_DESC], [DEP_ID]) VALUES (56, N'GUATAPE', 5)
INSERT [COM].[MUNICIPIO] ([MUN_ID], [MUN_DESC], [DEP_ID]) VALUES (57, N'HELICONIA', 5)
INSERT [COM].[MUNICIPIO] ([MUN_ID], [MUN_DESC], [DEP_ID]) VALUES (58, N'HISPANIA', 5)
INSERT [COM].[MUNICIPIO] ([MUN_ID], [MUN_DESC], [DEP_ID]) VALUES (59, N'ITAGUI', 5)
INSERT [COM].[MUNICIPIO] ([MUN_ID], [MUN_DESC], [DEP_ID]) VALUES (60, N'ITUANGO', 5)
INSERT [COM].[MUNICIPIO] ([MUN_ID], [MUN_DESC], [DEP_ID]) VALUES (61, N'JARDIN', 5)
INSERT [COM].[MUNICIPIO] ([MUN_ID], [MUN_DESC], [DEP_ID]) VALUES (62, N'JERICO', 5)
INSERT [COM].[MUNICIPIO] ([MUN_ID], [MUN_DESC], [DEP_ID]) VALUES (63, N'LA CEJA', 5)
INSERT [COM].[MUNICIPIO] ([MUN_ID], [MUN_DESC], [DEP_ID]) VALUES (64, N'LA ESTRELLA', 5)
INSERT [COM].[MUNICIPIO] ([MUN_ID], [MUN_DESC], [DEP_ID]) VALUES (65, N'LA PINTADA', 5)
INSERT [COM].[MUNICIPIO] ([MUN_ID], [MUN_DESC], [DEP_ID]) VALUES (66, N'LA UNION', 5)
INSERT [COM].[MUNICIPIO] ([MUN_ID], [MUN_DESC], [DEP_ID]) VALUES (67, N'LIBORINA', 5)
INSERT [COM].[MUNICIPIO] ([MUN_ID], [MUN_DESC], [DEP_ID]) VALUES (68, N'MACEO', 5)
INSERT [COM].[MUNICIPIO] ([MUN_ID], [MUN_DESC], [DEP_ID]) VALUES (69, N'MARINILLA', 5)
INSERT [COM].[MUNICIPIO] ([MUN_ID], [MUN_DESC], [DEP_ID]) VALUES (70, N'MONTEBELLO', 5)
INSERT [COM].[MUNICIPIO] ([MUN_ID], [MUN_DESC], [DEP_ID]) VALUES (71, N'MURINDO', 5)
INSERT [COM].[MUNICIPIO] ([MUN_ID], [MUN_DESC], [DEP_ID]) VALUES (72, N'MUTATA', 5)
INSERT [COM].[MUNICIPIO] ([MUN_ID], [MUN_DESC], [DEP_ID]) VALUES (73, N'NARIÑO', 5)
INSERT [COM].[MUNICIPIO] ([MUN_ID], [MUN_DESC], [DEP_ID]) VALUES (74, N'NECOCLI', 5)
INSERT [COM].[MUNICIPIO] ([MUN_ID], [MUN_DESC], [DEP_ID]) VALUES (75, N'NECHI', 5)
INSERT [COM].[MUNICIPIO] ([MUN_ID], [MUN_DESC], [DEP_ID]) VALUES (76, N'OLAYA', 5)
INSERT [COM].[MUNICIPIO] ([MUN_ID], [MUN_DESC], [DEP_ID]) VALUES (77, N'PEÐOL', 5)
INSERT [COM].[MUNICIPIO] ([MUN_ID], [MUN_DESC], [DEP_ID]) VALUES (78, N'PEQUE', 5)
INSERT [COM].[MUNICIPIO] ([MUN_ID], [MUN_DESC], [DEP_ID]) VALUES (79, N'PUEBLORRICO', 5)
INSERT [COM].[MUNICIPIO] ([MUN_ID], [MUN_DESC], [DEP_ID]) VALUES (80, N'PUERTO BERRIO', 5)
INSERT [COM].[MUNICIPIO] ([MUN_ID], [MUN_DESC], [DEP_ID]) VALUES (81, N'PUERTO NARE', 5)
INSERT [COM].[MUNICIPIO] ([MUN_ID], [MUN_DESC], [DEP_ID]) VALUES (82, N'PUERTO TRIUNFO', 5)
INSERT [COM].[MUNICIPIO] ([MUN_ID], [MUN_DESC], [DEP_ID]) VALUES (83, N'REMEDIOS', 5)
INSERT [COM].[MUNICIPIO] ([MUN_ID], [MUN_DESC], [DEP_ID]) VALUES (84, N'RETIRO', 5)
INSERT [COM].[MUNICIPIO] ([MUN_ID], [MUN_DESC], [DEP_ID]) VALUES (85, N'RIONEGRO', 5)
INSERT [COM].[MUNICIPIO] ([MUN_ID], [MUN_DESC], [DEP_ID]) VALUES (86, N'SABANALARGA', 5)
INSERT [COM].[MUNICIPIO] ([MUN_ID], [MUN_DESC], [DEP_ID]) VALUES (87, N'SABANETA', 5)
INSERT [COM].[MUNICIPIO] ([MUN_ID], [MUN_DESC], [DEP_ID]) VALUES (88, N'SALGAR', 5)
INSERT [COM].[MUNICIPIO] ([MUN_ID], [MUN_DESC], [DEP_ID]) VALUES (89, N'SAN ANDRES DE CUERQUIA', 5)
INSERT [COM].[MUNICIPIO] ([MUN_ID], [MUN_DESC], [DEP_ID]) VALUES (90, N'SAN CARLOS', 5)
INSERT [COM].[MUNICIPIO] ([MUN_ID], [MUN_DESC], [DEP_ID]) VALUES (91, N'SAN FRANCISCO', 5)
INSERT [COM].[MUNICIPIO] ([MUN_ID], [MUN_DESC], [DEP_ID]) VALUES (92, N'SAN JERONIMO', 5)
INSERT [COM].[MUNICIPIO] ([MUN_ID], [MUN_DESC], [DEP_ID]) VALUES (93, N'SAN JOSE DE LA MONTAÑA', 5)
INSERT [COM].[MUNICIPIO] ([MUN_ID], [MUN_DESC], [DEP_ID]) VALUES (94, N'SAN JUAN DE URABA', 5)
INSERT [COM].[MUNICIPIO] ([MUN_ID], [MUN_DESC], [DEP_ID]) VALUES (95, N'SAN LUIS', 5)
INSERT [COM].[MUNICIPIO] ([MUN_ID], [MUN_DESC], [DEP_ID]) VALUES (96, N'SAN PEDRO', 5)
INSERT [COM].[MUNICIPIO] ([MUN_ID], [MUN_DESC], [DEP_ID]) VALUES (97, N'SAN PEDRO DE URABA', 5)
INSERT [COM].[MUNICIPIO] ([MUN_ID], [MUN_DESC], [DEP_ID]) VALUES (98, N'SAN RAFAEL', 5)
INSERT [COM].[MUNICIPIO] ([MUN_ID], [MUN_DESC], [DEP_ID]) VALUES (99, N'SAN ROQUE', 5)
GO
INSERT [COM].[MUNICIPIO] ([MUN_ID], [MUN_DESC], [DEP_ID]) VALUES (100, N'SAN VICENTE', 5)
INSERT [COM].[MUNICIPIO] ([MUN_ID], [MUN_DESC], [DEP_ID]) VALUES (101, N'SANTA BARBARA', 5)
INSERT [COM].[MUNICIPIO] ([MUN_ID], [MUN_DESC], [DEP_ID]) VALUES (102, N'SANTA ROSA DE OSOS', 5)
INSERT [COM].[MUNICIPIO] ([MUN_ID], [MUN_DESC], [DEP_ID]) VALUES (103, N'SANTO DOMINGO', 5)
INSERT [COM].[MUNICIPIO] ([MUN_ID], [MUN_DESC], [DEP_ID]) VALUES (104, N'EL SANTUARIO', 5)
INSERT [COM].[MUNICIPIO] ([MUN_ID], [MUN_DESC], [DEP_ID]) VALUES (105, N'SEGOVIA', 5)
INSERT [COM].[MUNICIPIO] ([MUN_ID], [MUN_DESC], [DEP_ID]) VALUES (106, N'SONSON', 5)
INSERT [COM].[MUNICIPIO] ([MUN_ID], [MUN_DESC], [DEP_ID]) VALUES (107, N'SOPETRAN', 5)
INSERT [COM].[MUNICIPIO] ([MUN_ID], [MUN_DESC], [DEP_ID]) VALUES (108, N'TAMESIS', 5)
INSERT [COM].[MUNICIPIO] ([MUN_ID], [MUN_DESC], [DEP_ID]) VALUES (109, N'TARAZA', 5)
INSERT [COM].[MUNICIPIO] ([MUN_ID], [MUN_DESC], [DEP_ID]) VALUES (110, N'TARSO', 5)
INSERT [COM].[MUNICIPIO] ([MUN_ID], [MUN_DESC], [DEP_ID]) VALUES (111, N'TITIRIBI', 5)
INSERT [COM].[MUNICIPIO] ([MUN_ID], [MUN_DESC], [DEP_ID]) VALUES (112, N'TOLEDO', 5)
INSERT [COM].[MUNICIPIO] ([MUN_ID], [MUN_DESC], [DEP_ID]) VALUES (113, N'TURBO', 5)
INSERT [COM].[MUNICIPIO] ([MUN_ID], [MUN_DESC], [DEP_ID]) VALUES (114, N'URAMITA', 5)
INSERT [COM].[MUNICIPIO] ([MUN_ID], [MUN_DESC], [DEP_ID]) VALUES (115, N'URRAO', 5)
INSERT [COM].[MUNICIPIO] ([MUN_ID], [MUN_DESC], [DEP_ID]) VALUES (116, N'VALDIVIA', 5)
INSERT [COM].[MUNICIPIO] ([MUN_ID], [MUN_DESC], [DEP_ID]) VALUES (117, N'VALPARAISO', 5)
INSERT [COM].[MUNICIPIO] ([MUN_ID], [MUN_DESC], [DEP_ID]) VALUES (118, N'VEGACHI', 5)
INSERT [COM].[MUNICIPIO] ([MUN_ID], [MUN_DESC], [DEP_ID]) VALUES (119, N'VENECIA', 5)
INSERT [COM].[MUNICIPIO] ([MUN_ID], [MUN_DESC], [DEP_ID]) VALUES (120, N'VIGIA DEL FUERTE', 5)
INSERT [COM].[MUNICIPIO] ([MUN_ID], [MUN_DESC], [DEP_ID]) VALUES (121, N'YALI', 5)
INSERT [COM].[MUNICIPIO] ([MUN_ID], [MUN_DESC], [DEP_ID]) VALUES (122, N'YARUMAL', 5)
INSERT [COM].[MUNICIPIO] ([MUN_ID], [MUN_DESC], [DEP_ID]) VALUES (123, N'YOLOMBO', 5)
INSERT [COM].[MUNICIPIO] ([MUN_ID], [MUN_DESC], [DEP_ID]) VALUES (124, N'YONDO', 5)
INSERT [COM].[MUNICIPIO] ([MUN_ID], [MUN_DESC], [DEP_ID]) VALUES (125, N'ZARAGOZA', 5)
INSERT [COM].[MUNICIPIO] ([MUN_ID], [MUN_DESC], [DEP_ID]) VALUES (126, N'BARRANQUILLA', 8)
INSERT [COM].[MUNICIPIO] ([MUN_ID], [MUN_DESC], [DEP_ID]) VALUES (127, N'BARANOA', 8)
INSERT [COM].[MUNICIPIO] ([MUN_ID], [MUN_DESC], [DEP_ID]) VALUES (128, N'CAMPO DE LA CRUZ', 8)
INSERT [COM].[MUNICIPIO] ([MUN_ID], [MUN_DESC], [DEP_ID]) VALUES (129, N'CANDELARIA', 8)
INSERT [COM].[MUNICIPIO] ([MUN_ID], [MUN_DESC], [DEP_ID]) VALUES (130, N'GALAPA', 8)
INSERT [COM].[MUNICIPIO] ([MUN_ID], [MUN_DESC], [DEP_ID]) VALUES (131, N'JUAN DE ACOSTA', 8)
INSERT [COM].[MUNICIPIO] ([MUN_ID], [MUN_DESC], [DEP_ID]) VALUES (132, N'LURUACO', 8)
INSERT [COM].[MUNICIPIO] ([MUN_ID], [MUN_DESC], [DEP_ID]) VALUES (133, N'MALAMBO', 8)
INSERT [COM].[MUNICIPIO] ([MUN_ID], [MUN_DESC], [DEP_ID]) VALUES (134, N'MANATI', 8)
INSERT [COM].[MUNICIPIO] ([MUN_ID], [MUN_DESC], [DEP_ID]) VALUES (135, N'PALMAR DE VARELA', 8)
INSERT [COM].[MUNICIPIO] ([MUN_ID], [MUN_DESC], [DEP_ID]) VALUES (136, N'PIOJO', 8)
INSERT [COM].[MUNICIPIO] ([MUN_ID], [MUN_DESC], [DEP_ID]) VALUES (137, N'POLONUEVO', 8)
INSERT [COM].[MUNICIPIO] ([MUN_ID], [MUN_DESC], [DEP_ID]) VALUES (138, N'PONEDERA', 8)
INSERT [COM].[MUNICIPIO] ([MUN_ID], [MUN_DESC], [DEP_ID]) VALUES (139, N'PUERTO COLOMBIA', 8)
INSERT [COM].[MUNICIPIO] ([MUN_ID], [MUN_DESC], [DEP_ID]) VALUES (140, N'REPELON', 8)
INSERT [COM].[MUNICIPIO] ([MUN_ID], [MUN_DESC], [DEP_ID]) VALUES (141, N'SABANAGRANDE', 8)
INSERT [COM].[MUNICIPIO] ([MUN_ID], [MUN_DESC], [DEP_ID]) VALUES (142, N'SABANALARGA', 8)
INSERT [COM].[MUNICIPIO] ([MUN_ID], [MUN_DESC], [DEP_ID]) VALUES (143, N'SANTA LUCIA', 8)
INSERT [COM].[MUNICIPIO] ([MUN_ID], [MUN_DESC], [DEP_ID]) VALUES (144, N'SANTO TOMAS', 8)
INSERT [COM].[MUNICIPIO] ([MUN_ID], [MUN_DESC], [DEP_ID]) VALUES (145, N'SOLEDAD', 8)
INSERT [COM].[MUNICIPIO] ([MUN_ID], [MUN_DESC], [DEP_ID]) VALUES (146, N'SUAN', 8)
INSERT [COM].[MUNICIPIO] ([MUN_ID], [MUN_DESC], [DEP_ID]) VALUES (147, N'TUBARA', 8)
INSERT [COM].[MUNICIPIO] ([MUN_ID], [MUN_DESC], [DEP_ID]) VALUES (148, N'USIACURI', 8)
INSERT [COM].[MUNICIPIO] ([MUN_ID], [MUN_DESC], [DEP_ID]) VALUES (149, N'BOGOTA, D.C.', 11)
INSERT [COM].[MUNICIPIO] ([MUN_ID], [MUN_DESC], [DEP_ID]) VALUES (150, N'CARTAGENA', 13)
INSERT [COM].[MUNICIPIO] ([MUN_ID], [MUN_DESC], [DEP_ID]) VALUES (151, N'ACHI', 13)
INSERT [COM].[MUNICIPIO] ([MUN_ID], [MUN_DESC], [DEP_ID]) VALUES (152, N'ALTOS DEL ROSARIO', 13)
INSERT [COM].[MUNICIPIO] ([MUN_ID], [MUN_DESC], [DEP_ID]) VALUES (153, N'ARENAL', 13)
INSERT [COM].[MUNICIPIO] ([MUN_ID], [MUN_DESC], [DEP_ID]) VALUES (154, N'ARJONA', 13)
INSERT [COM].[MUNICIPIO] ([MUN_ID], [MUN_DESC], [DEP_ID]) VALUES (155, N'ARROYOHONDO', 13)
INSERT [COM].[MUNICIPIO] ([MUN_ID], [MUN_DESC], [DEP_ID]) VALUES (156, N'BARRANCO DE LOBA', 13)
INSERT [COM].[MUNICIPIO] ([MUN_ID], [MUN_DESC], [DEP_ID]) VALUES (157, N'CALAMAR', 13)
INSERT [COM].[MUNICIPIO] ([MUN_ID], [MUN_DESC], [DEP_ID]) VALUES (158, N'CANTAGALLO', 13)
INSERT [COM].[MUNICIPIO] ([MUN_ID], [MUN_DESC], [DEP_ID]) VALUES (159, N'CICUCO', 13)
INSERT [COM].[MUNICIPIO] ([MUN_ID], [MUN_DESC], [DEP_ID]) VALUES (160, N'CORDOBA', 13)
INSERT [COM].[MUNICIPIO] ([MUN_ID], [MUN_DESC], [DEP_ID]) VALUES (161, N'CLEMENCIA', 13)
INSERT [COM].[MUNICIPIO] ([MUN_ID], [MUN_DESC], [DEP_ID]) VALUES (162, N'EL CARMEN DE BOLIVAR', 13)
INSERT [COM].[MUNICIPIO] ([MUN_ID], [MUN_DESC], [DEP_ID]) VALUES (163, N'EL GUAMO', 13)
INSERT [COM].[MUNICIPIO] ([MUN_ID], [MUN_DESC], [DEP_ID]) VALUES (164, N'EL PEÑON', 13)
INSERT [COM].[MUNICIPIO] ([MUN_ID], [MUN_DESC], [DEP_ID]) VALUES (165, N'HATILLO DE LOBA', 13)
INSERT [COM].[MUNICIPIO] ([MUN_ID], [MUN_DESC], [DEP_ID]) VALUES (166, N'MAGANGUE', 13)
INSERT [COM].[MUNICIPIO] ([MUN_ID], [MUN_DESC], [DEP_ID]) VALUES (167, N'MAHATES', 13)
INSERT [COM].[MUNICIPIO] ([MUN_ID], [MUN_DESC], [DEP_ID]) VALUES (168, N'MARGARITA', 13)
INSERT [COM].[MUNICIPIO] ([MUN_ID], [MUN_DESC], [DEP_ID]) VALUES (169, N'MARIA LA BAJA', 13)
INSERT [COM].[MUNICIPIO] ([MUN_ID], [MUN_DESC], [DEP_ID]) VALUES (170, N'MONTECRISTO', 13)
INSERT [COM].[MUNICIPIO] ([MUN_ID], [MUN_DESC], [DEP_ID]) VALUES (171, N'MOMPOS', 13)
INSERT [COM].[MUNICIPIO] ([MUN_ID], [MUN_DESC], [DEP_ID]) VALUES (172, N'NOROSI', 13)
INSERT [COM].[MUNICIPIO] ([MUN_ID], [MUN_DESC], [DEP_ID]) VALUES (173, N'MORALES', 13)
INSERT [COM].[MUNICIPIO] ([MUN_ID], [MUN_DESC], [DEP_ID]) VALUES (174, N'PINILLOS', 13)
INSERT [COM].[MUNICIPIO] ([MUN_ID], [MUN_DESC], [DEP_ID]) VALUES (175, N'REGIDOR', 13)
INSERT [COM].[MUNICIPIO] ([MUN_ID], [MUN_DESC], [DEP_ID]) VALUES (176, N'RIO VIEJO', 13)
INSERT [COM].[MUNICIPIO] ([MUN_ID], [MUN_DESC], [DEP_ID]) VALUES (177, N'SAN CRISTOBAL', 13)
INSERT [COM].[MUNICIPIO] ([MUN_ID], [MUN_DESC], [DEP_ID]) VALUES (178, N'SAN ESTANISLAO', 13)
INSERT [COM].[MUNICIPIO] ([MUN_ID], [MUN_DESC], [DEP_ID]) VALUES (179, N'SAN FERNANDO', 13)
INSERT [COM].[MUNICIPIO] ([MUN_ID], [MUN_DESC], [DEP_ID]) VALUES (180, N'SAN JACINTO', 13)
INSERT [COM].[MUNICIPIO] ([MUN_ID], [MUN_DESC], [DEP_ID]) VALUES (181, N'SAN JACINTO DEL CAUCA', 13)
INSERT [COM].[MUNICIPIO] ([MUN_ID], [MUN_DESC], [DEP_ID]) VALUES (182, N'SAN JUAN NEPOMUCENO', 13)
INSERT [COM].[MUNICIPIO] ([MUN_ID], [MUN_DESC], [DEP_ID]) VALUES (183, N'SAN MARTIN DE LOBA', 13)
INSERT [COM].[MUNICIPIO] ([MUN_ID], [MUN_DESC], [DEP_ID]) VALUES (184, N'SAN PABLO', 13)
INSERT [COM].[MUNICIPIO] ([MUN_ID], [MUN_DESC], [DEP_ID]) VALUES (185, N'SANTA CATALINA', 13)
INSERT [COM].[MUNICIPIO] ([MUN_ID], [MUN_DESC], [DEP_ID]) VALUES (186, N'SANTA ROSA', 13)
INSERT [COM].[MUNICIPIO] ([MUN_ID], [MUN_DESC], [DEP_ID]) VALUES (187, N'SANTA ROSA DEL SUR', 13)
INSERT [COM].[MUNICIPIO] ([MUN_ID], [MUN_DESC], [DEP_ID]) VALUES (188, N'SIMITI', 13)
INSERT [COM].[MUNICIPIO] ([MUN_ID], [MUN_DESC], [DEP_ID]) VALUES (189, N'SOPLAVIENTO', 13)
INSERT [COM].[MUNICIPIO] ([MUN_ID], [MUN_DESC], [DEP_ID]) VALUES (190, N'TALAIGUA NUEVO', 13)
INSERT [COM].[MUNICIPIO] ([MUN_ID], [MUN_DESC], [DEP_ID]) VALUES (191, N'TIQUISIO', 13)
INSERT [COM].[MUNICIPIO] ([MUN_ID], [MUN_DESC], [DEP_ID]) VALUES (192, N'TURBACO', 13)
INSERT [COM].[MUNICIPIO] ([MUN_ID], [MUN_DESC], [DEP_ID]) VALUES (193, N'TURBANA', 13)
INSERT [COM].[MUNICIPIO] ([MUN_ID], [MUN_DESC], [DEP_ID]) VALUES (194, N'VILLANUEVA', 13)
INSERT [COM].[MUNICIPIO] ([MUN_ID], [MUN_DESC], [DEP_ID]) VALUES (195, N'ZAMBRANO', 13)
INSERT [COM].[MUNICIPIO] ([MUN_ID], [MUN_DESC], [DEP_ID]) VALUES (196, N'TUNJA', 15)
INSERT [COM].[MUNICIPIO] ([MUN_ID], [MUN_DESC], [DEP_ID]) VALUES (197, N'ALMEIDA', 15)
INSERT [COM].[MUNICIPIO] ([MUN_ID], [MUN_DESC], [DEP_ID]) VALUES (198, N'AQUITANIA', 15)
INSERT [COM].[MUNICIPIO] ([MUN_ID], [MUN_DESC], [DEP_ID]) VALUES (199, N'ARCABUCO', 15)
GO
INSERT [COM].[MUNICIPIO] ([MUN_ID], [MUN_DESC], [DEP_ID]) VALUES (200, N'BELEN', 15)
INSERT [COM].[MUNICIPIO] ([MUN_ID], [MUN_DESC], [DEP_ID]) VALUES (201, N'BERBEO', 15)
INSERT [COM].[MUNICIPIO] ([MUN_ID], [MUN_DESC], [DEP_ID]) VALUES (202, N'BETEITIVA', 15)
INSERT [COM].[MUNICIPIO] ([MUN_ID], [MUN_DESC], [DEP_ID]) VALUES (203, N'BOAVITA', 15)
INSERT [COM].[MUNICIPIO] ([MUN_ID], [MUN_DESC], [DEP_ID]) VALUES (204, N'BOYACA', 15)
INSERT [COM].[MUNICIPIO] ([MUN_ID], [MUN_DESC], [DEP_ID]) VALUES (205, N'BRICEÑO', 15)
INSERT [COM].[MUNICIPIO] ([MUN_ID], [MUN_DESC], [DEP_ID]) VALUES (206, N'BUENAVISTA', 15)
INSERT [COM].[MUNICIPIO] ([MUN_ID], [MUN_DESC], [DEP_ID]) VALUES (207, N'BUSBANZA', 15)
INSERT [COM].[MUNICIPIO] ([MUN_ID], [MUN_DESC], [DEP_ID]) VALUES (208, N'CALDAS', 15)
INSERT [COM].[MUNICIPIO] ([MUN_ID], [MUN_DESC], [DEP_ID]) VALUES (209, N'CAMPOHERMOSO', 15)
INSERT [COM].[MUNICIPIO] ([MUN_ID], [MUN_DESC], [DEP_ID]) VALUES (210, N'CERINZA', 15)
INSERT [COM].[MUNICIPIO] ([MUN_ID], [MUN_DESC], [DEP_ID]) VALUES (211, N'CHINAVITA', 15)
INSERT [COM].[MUNICIPIO] ([MUN_ID], [MUN_DESC], [DEP_ID]) VALUES (212, N'CHIQUINQUIRA', 15)
INSERT [COM].[MUNICIPIO] ([MUN_ID], [MUN_DESC], [DEP_ID]) VALUES (213, N'CHISCAS', 15)
INSERT [COM].[MUNICIPIO] ([MUN_ID], [MUN_DESC], [DEP_ID]) VALUES (214, N'CHITA', 15)
INSERT [COM].[MUNICIPIO] ([MUN_ID], [MUN_DESC], [DEP_ID]) VALUES (215, N'CHITARAQUE', 15)
INSERT [COM].[MUNICIPIO] ([MUN_ID], [MUN_DESC], [DEP_ID]) VALUES (216, N'CHIVATA', 15)
INSERT [COM].[MUNICIPIO] ([MUN_ID], [MUN_DESC], [DEP_ID]) VALUES (217, N'CIENEGA', 15)
INSERT [COM].[MUNICIPIO] ([MUN_ID], [MUN_DESC], [DEP_ID]) VALUES (218, N'COMBITA', 15)
INSERT [COM].[MUNICIPIO] ([MUN_ID], [MUN_DESC], [DEP_ID]) VALUES (219, N'COPER', 15)
INSERT [COM].[MUNICIPIO] ([MUN_ID], [MUN_DESC], [DEP_ID]) VALUES (220, N'CORRALES', 15)
INSERT [COM].[MUNICIPIO] ([MUN_ID], [MUN_DESC], [DEP_ID]) VALUES (221, N'COVARACHIA', 15)
INSERT [COM].[MUNICIPIO] ([MUN_ID], [MUN_DESC], [DEP_ID]) VALUES (222, N'CUBARA', 15)
INSERT [COM].[MUNICIPIO] ([MUN_ID], [MUN_DESC], [DEP_ID]) VALUES (223, N'CUCAITA', 15)
INSERT [COM].[MUNICIPIO] ([MUN_ID], [MUN_DESC], [DEP_ID]) VALUES (224, N'CUITIVA', 15)
INSERT [COM].[MUNICIPIO] ([MUN_ID], [MUN_DESC], [DEP_ID]) VALUES (225, N'CHIQUIZA', 15)
INSERT [COM].[MUNICIPIO] ([MUN_ID], [MUN_DESC], [DEP_ID]) VALUES (226, N'CHIVOR', 15)
INSERT [COM].[MUNICIPIO] ([MUN_ID], [MUN_DESC], [DEP_ID]) VALUES (227, N'DUITAMA', 15)
INSERT [COM].[MUNICIPIO] ([MUN_ID], [MUN_DESC], [DEP_ID]) VALUES (228, N'EL COCUY', 15)
INSERT [COM].[MUNICIPIO] ([MUN_ID], [MUN_DESC], [DEP_ID]) VALUES (229, N'EL ESPINO', 15)
INSERT [COM].[MUNICIPIO] ([MUN_ID], [MUN_DESC], [DEP_ID]) VALUES (230, N'FIRAVITOBA', 15)
INSERT [COM].[MUNICIPIO] ([MUN_ID], [MUN_DESC], [DEP_ID]) VALUES (231, N'FLORESTA', 15)
INSERT [COM].[MUNICIPIO] ([MUN_ID], [MUN_DESC], [DEP_ID]) VALUES (232, N'GACHANTIVA', 15)
INSERT [COM].[MUNICIPIO] ([MUN_ID], [MUN_DESC], [DEP_ID]) VALUES (233, N'GAMEZA', 15)
INSERT [COM].[MUNICIPIO] ([MUN_ID], [MUN_DESC], [DEP_ID]) VALUES (234, N'GARAGOA', 15)
INSERT [COM].[MUNICIPIO] ([MUN_ID], [MUN_DESC], [DEP_ID]) VALUES (235, N'GUACAMAYAS', 15)
INSERT [COM].[MUNICIPIO] ([MUN_ID], [MUN_DESC], [DEP_ID]) VALUES (236, N'GUATEQUE', 15)
INSERT [COM].[MUNICIPIO] ([MUN_ID], [MUN_DESC], [DEP_ID]) VALUES (237, N'GUAYATA', 15)
INSERT [COM].[MUNICIPIO] ([MUN_ID], [MUN_DESC], [DEP_ID]) VALUES (238, N'GsICAN', 15)
INSERT [COM].[MUNICIPIO] ([MUN_ID], [MUN_DESC], [DEP_ID]) VALUES (239, N'IZA', 15)
INSERT [COM].[MUNICIPIO] ([MUN_ID], [MUN_DESC], [DEP_ID]) VALUES (240, N'JENESANO', 15)
INSERT [COM].[MUNICIPIO] ([MUN_ID], [MUN_DESC], [DEP_ID]) VALUES (241, N'JERICO', 15)
INSERT [COM].[MUNICIPIO] ([MUN_ID], [MUN_DESC], [DEP_ID]) VALUES (242, N'LABRANZAGRANDE', 15)
INSERT [COM].[MUNICIPIO] ([MUN_ID], [MUN_DESC], [DEP_ID]) VALUES (243, N'LA CAPILLA', 15)
INSERT [COM].[MUNICIPIO] ([MUN_ID], [MUN_DESC], [DEP_ID]) VALUES (244, N'LA VICTORIA', 15)
INSERT [COM].[MUNICIPIO] ([MUN_ID], [MUN_DESC], [DEP_ID]) VALUES (245, N'LA UVITA', 15)
INSERT [COM].[MUNICIPIO] ([MUN_ID], [MUN_DESC], [DEP_ID]) VALUES (246, N'VILLA DE LEYVA', 15)
INSERT [COM].[MUNICIPIO] ([MUN_ID], [MUN_DESC], [DEP_ID]) VALUES (247, N'MACANAL', 15)
INSERT [COM].[MUNICIPIO] ([MUN_ID], [MUN_DESC], [DEP_ID]) VALUES (248, N'MARIPI', 15)
INSERT [COM].[MUNICIPIO] ([MUN_ID], [MUN_DESC], [DEP_ID]) VALUES (249, N'MIRAFLORES', 15)
INSERT [COM].[MUNICIPIO] ([MUN_ID], [MUN_DESC], [DEP_ID]) VALUES (250, N'MONGUA', 15)
INSERT [COM].[MUNICIPIO] ([MUN_ID], [MUN_DESC], [DEP_ID]) VALUES (251, N'MONGUI', 15)
INSERT [COM].[MUNICIPIO] ([MUN_ID], [MUN_DESC], [DEP_ID]) VALUES (252, N'MONIQUIRA', 15)
INSERT [COM].[MUNICIPIO] ([MUN_ID], [MUN_DESC], [DEP_ID]) VALUES (253, N'MOTAVITA', 15)
INSERT [COM].[MUNICIPIO] ([MUN_ID], [MUN_DESC], [DEP_ID]) VALUES (254, N'MUZO', 15)
INSERT [COM].[MUNICIPIO] ([MUN_ID], [MUN_DESC], [DEP_ID]) VALUES (255, N'NOBSA', 15)
INSERT [COM].[MUNICIPIO] ([MUN_ID], [MUN_DESC], [DEP_ID]) VALUES (256, N'NUEVO COLON', 15)
INSERT [COM].[MUNICIPIO] ([MUN_ID], [MUN_DESC], [DEP_ID]) VALUES (257, N'OICATA', 15)
INSERT [COM].[MUNICIPIO] ([MUN_ID], [MUN_DESC], [DEP_ID]) VALUES (258, N'OTANCHE', 15)
INSERT [COM].[MUNICIPIO] ([MUN_ID], [MUN_DESC], [DEP_ID]) VALUES (259, N'PACHAVITA', 15)
INSERT [COM].[MUNICIPIO] ([MUN_ID], [MUN_DESC], [DEP_ID]) VALUES (260, N'PAEZ', 15)
INSERT [COM].[MUNICIPIO] ([MUN_ID], [MUN_DESC], [DEP_ID]) VALUES (261, N'PAIPA', 15)
INSERT [COM].[MUNICIPIO] ([MUN_ID], [MUN_DESC], [DEP_ID]) VALUES (262, N'PAJARITO', 15)
INSERT [COM].[MUNICIPIO] ([MUN_ID], [MUN_DESC], [DEP_ID]) VALUES (263, N'PANQUEBA', 15)
INSERT [COM].[MUNICIPIO] ([MUN_ID], [MUN_DESC], [DEP_ID]) VALUES (264, N'PAUNA', 15)
INSERT [COM].[MUNICIPIO] ([MUN_ID], [MUN_DESC], [DEP_ID]) VALUES (265, N'PAYA', 15)
INSERT [COM].[MUNICIPIO] ([MUN_ID], [MUN_DESC], [DEP_ID]) VALUES (266, N'PAZ DE RIO', 15)
INSERT [COM].[MUNICIPIO] ([MUN_ID], [MUN_DESC], [DEP_ID]) VALUES (267, N'PESCA', 15)
INSERT [COM].[MUNICIPIO] ([MUN_ID], [MUN_DESC], [DEP_ID]) VALUES (268, N'PISBA', 15)
INSERT [COM].[MUNICIPIO] ([MUN_ID], [MUN_DESC], [DEP_ID]) VALUES (269, N'PUERTO BOYACA', 15)
INSERT [COM].[MUNICIPIO] ([MUN_ID], [MUN_DESC], [DEP_ID]) VALUES (270, N'QUIPAMA', 15)
INSERT [COM].[MUNICIPIO] ([MUN_ID], [MUN_DESC], [DEP_ID]) VALUES (271, N'RAMIRIQUI', 15)
INSERT [COM].[MUNICIPIO] ([MUN_ID], [MUN_DESC], [DEP_ID]) VALUES (272, N'RAQUIRA', 15)
INSERT [COM].[MUNICIPIO] ([MUN_ID], [MUN_DESC], [DEP_ID]) VALUES (273, N'RONDON', 15)
INSERT [COM].[MUNICIPIO] ([MUN_ID], [MUN_DESC], [DEP_ID]) VALUES (274, N'SABOYA', 15)
INSERT [COM].[MUNICIPIO] ([MUN_ID], [MUN_DESC], [DEP_ID]) VALUES (275, N'SACHICA', 15)
INSERT [COM].[MUNICIPIO] ([MUN_ID], [MUN_DESC], [DEP_ID]) VALUES (276, N'SAMACA', 15)
INSERT [COM].[MUNICIPIO] ([MUN_ID], [MUN_DESC], [DEP_ID]) VALUES (277, N'SAN EDUARDO', 15)
INSERT [COM].[MUNICIPIO] ([MUN_ID], [MUN_DESC], [DEP_ID]) VALUES (278, N'SAN JOSE DE PARE', 15)
INSERT [COM].[MUNICIPIO] ([MUN_ID], [MUN_DESC], [DEP_ID]) VALUES (279, N'SAN LUIS DE GACENO', 15)
INSERT [COM].[MUNICIPIO] ([MUN_ID], [MUN_DESC], [DEP_ID]) VALUES (280, N'SAN MATEO', 15)
INSERT [COM].[MUNICIPIO] ([MUN_ID], [MUN_DESC], [DEP_ID]) VALUES (281, N'SAN MIGUEL DE SEMA', 15)
INSERT [COM].[MUNICIPIO] ([MUN_ID], [MUN_DESC], [DEP_ID]) VALUES (282, N'SAN PABLO DE BORBUR', 15)
INSERT [COM].[MUNICIPIO] ([MUN_ID], [MUN_DESC], [DEP_ID]) VALUES (283, N'SANTANA', 15)
INSERT [COM].[MUNICIPIO] ([MUN_ID], [MUN_DESC], [DEP_ID]) VALUES (284, N'SANTA MARIA', 15)
INSERT [COM].[MUNICIPIO] ([MUN_ID], [MUN_DESC], [DEP_ID]) VALUES (285, N'SANTA ROSA DE VITERBO', 15)
INSERT [COM].[MUNICIPIO] ([MUN_ID], [MUN_DESC], [DEP_ID]) VALUES (286, N'SANTA SOFIA', 15)
INSERT [COM].[MUNICIPIO] ([MUN_ID], [MUN_DESC], [DEP_ID]) VALUES (287, N'SATIVANORTE', 15)
INSERT [COM].[MUNICIPIO] ([MUN_ID], [MUN_DESC], [DEP_ID]) VALUES (288, N'SATIVASUR', 15)
INSERT [COM].[MUNICIPIO] ([MUN_ID], [MUN_DESC], [DEP_ID]) VALUES (289, N'SIACHOQUE', 15)
INSERT [COM].[MUNICIPIO] ([MUN_ID], [MUN_DESC], [DEP_ID]) VALUES (290, N'SOATA', 15)
INSERT [COM].[MUNICIPIO] ([MUN_ID], [MUN_DESC], [DEP_ID]) VALUES (291, N'SOCOTA', 15)
INSERT [COM].[MUNICIPIO] ([MUN_ID], [MUN_DESC], [DEP_ID]) VALUES (292, N'SOCHA', 15)
INSERT [COM].[MUNICIPIO] ([MUN_ID], [MUN_DESC], [DEP_ID]) VALUES (293, N'SOGAMOSO', 15)
INSERT [COM].[MUNICIPIO] ([MUN_ID], [MUN_DESC], [DEP_ID]) VALUES (294, N'SOMONDOCO', 15)
INSERT [COM].[MUNICIPIO] ([MUN_ID], [MUN_DESC], [DEP_ID]) VALUES (295, N'SORA', 15)
INSERT [COM].[MUNICIPIO] ([MUN_ID], [MUN_DESC], [DEP_ID]) VALUES (296, N'SOTAQUIRA', 15)
INSERT [COM].[MUNICIPIO] ([MUN_ID], [MUN_DESC], [DEP_ID]) VALUES (297, N'SORACA', 15)
INSERT [COM].[MUNICIPIO] ([MUN_ID], [MUN_DESC], [DEP_ID]) VALUES (298, N'SUSACON', 15)
INSERT [COM].[MUNICIPIO] ([MUN_ID], [MUN_DESC], [DEP_ID]) VALUES (299, N'SUTAMARCHAN', 15)
GO
INSERT [COM].[MUNICIPIO] ([MUN_ID], [MUN_DESC], [DEP_ID]) VALUES (300, N'SUTATENZA', 15)
INSERT [COM].[MUNICIPIO] ([MUN_ID], [MUN_DESC], [DEP_ID]) VALUES (301, N'TASCO', 15)
INSERT [COM].[MUNICIPIO] ([MUN_ID], [MUN_DESC], [DEP_ID]) VALUES (302, N'TENZA', 15)
INSERT [COM].[MUNICIPIO] ([MUN_ID], [MUN_DESC], [DEP_ID]) VALUES (303, N'TIBANA', 15)
INSERT [COM].[MUNICIPIO] ([MUN_ID], [MUN_DESC], [DEP_ID]) VALUES (304, N'TIBASOSA', 15)
INSERT [COM].[MUNICIPIO] ([MUN_ID], [MUN_DESC], [DEP_ID]) VALUES (305, N'TINJACA', 15)
INSERT [COM].[MUNICIPIO] ([MUN_ID], [MUN_DESC], [DEP_ID]) VALUES (306, N'TIPACOQUE', 15)
INSERT [COM].[MUNICIPIO] ([MUN_ID], [MUN_DESC], [DEP_ID]) VALUES (307, N'TOCA', 15)
INSERT [COM].[MUNICIPIO] ([MUN_ID], [MUN_DESC], [DEP_ID]) VALUES (308, N'TOGsI', 15)
INSERT [COM].[MUNICIPIO] ([MUN_ID], [MUN_DESC], [DEP_ID]) VALUES (309, N'TOPAGA', 15)
INSERT [COM].[MUNICIPIO] ([MUN_ID], [MUN_DESC], [DEP_ID]) VALUES (310, N'TOTA', 15)
INSERT [COM].[MUNICIPIO] ([MUN_ID], [MUN_DESC], [DEP_ID]) VALUES (311, N'TUNUNGUA', 15)
INSERT [COM].[MUNICIPIO] ([MUN_ID], [MUN_DESC], [DEP_ID]) VALUES (312, N'TURMEQUE', 15)
INSERT [COM].[MUNICIPIO] ([MUN_ID], [MUN_DESC], [DEP_ID]) VALUES (313, N'TUTA', 15)
INSERT [COM].[MUNICIPIO] ([MUN_ID], [MUN_DESC], [DEP_ID]) VALUES (314, N'TUTAZA', 15)
INSERT [COM].[MUNICIPIO] ([MUN_ID], [MUN_DESC], [DEP_ID]) VALUES (315, N'UMBITA', 15)
INSERT [COM].[MUNICIPIO] ([MUN_ID], [MUN_DESC], [DEP_ID]) VALUES (316, N'VENTAQUEMADA', 15)
INSERT [COM].[MUNICIPIO] ([MUN_ID], [MUN_DESC], [DEP_ID]) VALUES (317, N'VIRACACHA', 15)
INSERT [COM].[MUNICIPIO] ([MUN_ID], [MUN_DESC], [DEP_ID]) VALUES (318, N'ZETAQUIRA', 15)
INSERT [COM].[MUNICIPIO] ([MUN_ID], [MUN_DESC], [DEP_ID]) VALUES (319, N'MANIZALES', 17)
INSERT [COM].[MUNICIPIO] ([MUN_ID], [MUN_DESC], [DEP_ID]) VALUES (320, N'AGUADAS', 17)
INSERT [COM].[MUNICIPIO] ([MUN_ID], [MUN_DESC], [DEP_ID]) VALUES (321, N'ANSERMA', 17)
INSERT [COM].[MUNICIPIO] ([MUN_ID], [MUN_DESC], [DEP_ID]) VALUES (322, N'ARANZAZU', 17)
INSERT [COM].[MUNICIPIO] ([MUN_ID], [MUN_DESC], [DEP_ID]) VALUES (323, N'BELALCAZAR', 17)
INSERT [COM].[MUNICIPIO] ([MUN_ID], [MUN_DESC], [DEP_ID]) VALUES (324, N'CHINCHINA', 17)
INSERT [COM].[MUNICIPIO] ([MUN_ID], [MUN_DESC], [DEP_ID]) VALUES (325, N'FILADELFIA', 17)
INSERT [COM].[MUNICIPIO] ([MUN_ID], [MUN_DESC], [DEP_ID]) VALUES (326, N'LA DORADA', 17)
INSERT [COM].[MUNICIPIO] ([MUN_ID], [MUN_DESC], [DEP_ID]) VALUES (327, N'LA MERCED', 17)
INSERT [COM].[MUNICIPIO] ([MUN_ID], [MUN_DESC], [DEP_ID]) VALUES (328, N'MANZANARES', 17)
INSERT [COM].[MUNICIPIO] ([MUN_ID], [MUN_DESC], [DEP_ID]) VALUES (329, N'MARMATO', 17)
INSERT [COM].[MUNICIPIO] ([MUN_ID], [MUN_DESC], [DEP_ID]) VALUES (330, N'MARQUETALIA', 17)
INSERT [COM].[MUNICIPIO] ([MUN_ID], [MUN_DESC], [DEP_ID]) VALUES (331, N'MARULANDA', 17)
INSERT [COM].[MUNICIPIO] ([MUN_ID], [MUN_DESC], [DEP_ID]) VALUES (332, N'NEIRA', 17)
INSERT [COM].[MUNICIPIO] ([MUN_ID], [MUN_DESC], [DEP_ID]) VALUES (333, N'NORCASIA', 17)
INSERT [COM].[MUNICIPIO] ([MUN_ID], [MUN_DESC], [DEP_ID]) VALUES (334, N'PACORA', 17)
INSERT [COM].[MUNICIPIO] ([MUN_ID], [MUN_DESC], [DEP_ID]) VALUES (335, N'PALESTINA', 17)
INSERT [COM].[MUNICIPIO] ([MUN_ID], [MUN_DESC], [DEP_ID]) VALUES (336, N'PENSILVANIA', 17)
INSERT [COM].[MUNICIPIO] ([MUN_ID], [MUN_DESC], [DEP_ID]) VALUES (337, N'RIOSUCIO', 17)
INSERT [COM].[MUNICIPIO] ([MUN_ID], [MUN_DESC], [DEP_ID]) VALUES (338, N'RISARALDA', 17)
INSERT [COM].[MUNICIPIO] ([MUN_ID], [MUN_DESC], [DEP_ID]) VALUES (339, N'SALAMINA', 17)
INSERT [COM].[MUNICIPIO] ([MUN_ID], [MUN_DESC], [DEP_ID]) VALUES (340, N'SAMANA', 17)
INSERT [COM].[MUNICIPIO] ([MUN_ID], [MUN_DESC], [DEP_ID]) VALUES (341, N'SAN JOSE', 17)
INSERT [COM].[MUNICIPIO] ([MUN_ID], [MUN_DESC], [DEP_ID]) VALUES (342, N'SUPIA', 17)
INSERT [COM].[MUNICIPIO] ([MUN_ID], [MUN_DESC], [DEP_ID]) VALUES (343, N'VICTORIA', 17)
INSERT [COM].[MUNICIPIO] ([MUN_ID], [MUN_DESC], [DEP_ID]) VALUES (344, N'VILLAMARIA', 17)
INSERT [COM].[MUNICIPIO] ([MUN_ID], [MUN_DESC], [DEP_ID]) VALUES (345, N'VITERBO', 17)
INSERT [COM].[MUNICIPIO] ([MUN_ID], [MUN_DESC], [DEP_ID]) VALUES (346, N'FLORENCIA', 18)
INSERT [COM].[MUNICIPIO] ([MUN_ID], [MUN_DESC], [DEP_ID]) VALUES (347, N'ALBANIA', 18)
INSERT [COM].[MUNICIPIO] ([MUN_ID], [MUN_DESC], [DEP_ID]) VALUES (348, N'BELEN DE LOS ANDAQUIES', 18)
INSERT [COM].[MUNICIPIO] ([MUN_ID], [MUN_DESC], [DEP_ID]) VALUES (349, N'CARTAGENA DEL CHAIRA', 18)
INSERT [COM].[MUNICIPIO] ([MUN_ID], [MUN_DESC], [DEP_ID]) VALUES (350, N'CURILLO', 18)
INSERT [COM].[MUNICIPIO] ([MUN_ID], [MUN_DESC], [DEP_ID]) VALUES (351, N'EL DONCELLO', 18)
INSERT [COM].[MUNICIPIO] ([MUN_ID], [MUN_DESC], [DEP_ID]) VALUES (352, N'EL PAUJIL', 18)
INSERT [COM].[MUNICIPIO] ([MUN_ID], [MUN_DESC], [DEP_ID]) VALUES (353, N'LA MONTAÑITA', 18)
INSERT [COM].[MUNICIPIO] ([MUN_ID], [MUN_DESC], [DEP_ID]) VALUES (354, N'MILAN', 18)
INSERT [COM].[MUNICIPIO] ([MUN_ID], [MUN_DESC], [DEP_ID]) VALUES (355, N'MORELIA', 18)
INSERT [COM].[MUNICIPIO] ([MUN_ID], [MUN_DESC], [DEP_ID]) VALUES (356, N'PUERTO RICO', 18)
INSERT [COM].[MUNICIPIO] ([MUN_ID], [MUN_DESC], [DEP_ID]) VALUES (357, N'SAN JOSE DEL FRAGUA', 18)
INSERT [COM].[MUNICIPIO] ([MUN_ID], [MUN_DESC], [DEP_ID]) VALUES (358, N'SAN VICENTE DEL CAGUAN', 18)
INSERT [COM].[MUNICIPIO] ([MUN_ID], [MUN_DESC], [DEP_ID]) VALUES (359, N'SOLANO', 18)
INSERT [COM].[MUNICIPIO] ([MUN_ID], [MUN_DESC], [DEP_ID]) VALUES (360, N'SOLITA', 18)
INSERT [COM].[MUNICIPIO] ([MUN_ID], [MUN_DESC], [DEP_ID]) VALUES (361, N'VALPARAISO', 18)
INSERT [COM].[MUNICIPIO] ([MUN_ID], [MUN_DESC], [DEP_ID]) VALUES (362, N'POPAYAN', 19)
INSERT [COM].[MUNICIPIO] ([MUN_ID], [MUN_DESC], [DEP_ID]) VALUES (363, N'ALMAGUER', 19)
INSERT [COM].[MUNICIPIO] ([MUN_ID], [MUN_DESC], [DEP_ID]) VALUES (364, N'ARGELIA', 19)
INSERT [COM].[MUNICIPIO] ([MUN_ID], [MUN_DESC], [DEP_ID]) VALUES (365, N'BALBOA', 19)
INSERT [COM].[MUNICIPIO] ([MUN_ID], [MUN_DESC], [DEP_ID]) VALUES (366, N'BOLIVAR', 19)
INSERT [COM].[MUNICIPIO] ([MUN_ID], [MUN_DESC], [DEP_ID]) VALUES (367, N'BUENOS AIRES', 19)
INSERT [COM].[MUNICIPIO] ([MUN_ID], [MUN_DESC], [DEP_ID]) VALUES (368, N'CAJIBIO', 19)
INSERT [COM].[MUNICIPIO] ([MUN_ID], [MUN_DESC], [DEP_ID]) VALUES (369, N'CALDONO', 19)
INSERT [COM].[MUNICIPIO] ([MUN_ID], [MUN_DESC], [DEP_ID]) VALUES (370, N'CALOTO', 19)
INSERT [COM].[MUNICIPIO] ([MUN_ID], [MUN_DESC], [DEP_ID]) VALUES (371, N'CORINTO', 19)
INSERT [COM].[MUNICIPIO] ([MUN_ID], [MUN_DESC], [DEP_ID]) VALUES (372, N'EL TAMBO', 19)
INSERT [COM].[MUNICIPIO] ([MUN_ID], [MUN_DESC], [DEP_ID]) VALUES (373, N'FLORENCIA', 19)
INSERT [COM].[MUNICIPIO] ([MUN_ID], [MUN_DESC], [DEP_ID]) VALUES (374, N'GUACHENE', 19)
INSERT [COM].[MUNICIPIO] ([MUN_ID], [MUN_DESC], [DEP_ID]) VALUES (375, N'GUAPI', 19)
INSERT [COM].[MUNICIPIO] ([MUN_ID], [MUN_DESC], [DEP_ID]) VALUES (376, N'INZA', 19)
INSERT [COM].[MUNICIPIO] ([MUN_ID], [MUN_DESC], [DEP_ID]) VALUES (377, N'JAMBALO', 19)
INSERT [COM].[MUNICIPIO] ([MUN_ID], [MUN_DESC], [DEP_ID]) VALUES (378, N'LA SIERRA', 19)
INSERT [COM].[MUNICIPIO] ([MUN_ID], [MUN_DESC], [DEP_ID]) VALUES (379, N'LA VEGA', 19)
INSERT [COM].[MUNICIPIO] ([MUN_ID], [MUN_DESC], [DEP_ID]) VALUES (380, N'LOPEZ', 19)
INSERT [COM].[MUNICIPIO] ([MUN_ID], [MUN_DESC], [DEP_ID]) VALUES (381, N'MERCADERES', 19)
INSERT [COM].[MUNICIPIO] ([MUN_ID], [MUN_DESC], [DEP_ID]) VALUES (382, N'MIRANDA', 19)
INSERT [COM].[MUNICIPIO] ([MUN_ID], [MUN_DESC], [DEP_ID]) VALUES (383, N'MORALES', 19)
INSERT [COM].[MUNICIPIO] ([MUN_ID], [MUN_DESC], [DEP_ID]) VALUES (384, N'PADILLA', 19)
INSERT [COM].[MUNICIPIO] ([MUN_ID], [MUN_DESC], [DEP_ID]) VALUES (385, N'PAEZ', 19)
INSERT [COM].[MUNICIPIO] ([MUN_ID], [MUN_DESC], [DEP_ID]) VALUES (386, N'PATIA', 19)
INSERT [COM].[MUNICIPIO] ([MUN_ID], [MUN_DESC], [DEP_ID]) VALUES (387, N'PIAMONTE', 19)
INSERT [COM].[MUNICIPIO] ([MUN_ID], [MUN_DESC], [DEP_ID]) VALUES (388, N'PIENDAMO', 19)
INSERT [COM].[MUNICIPIO] ([MUN_ID], [MUN_DESC], [DEP_ID]) VALUES (389, N'PUERTO TEJADA', 19)
INSERT [COM].[MUNICIPIO] ([MUN_ID], [MUN_DESC], [DEP_ID]) VALUES (390, N'PURACE', 19)
INSERT [COM].[MUNICIPIO] ([MUN_ID], [MUN_DESC], [DEP_ID]) VALUES (391, N'ROSAS', 19)
INSERT [COM].[MUNICIPIO] ([MUN_ID], [MUN_DESC], [DEP_ID]) VALUES (392, N'SAN SEBASTIAN', 19)
INSERT [COM].[MUNICIPIO] ([MUN_ID], [MUN_DESC], [DEP_ID]) VALUES (393, N'SANTANDER DE QUILICHAO', 19)
INSERT [COM].[MUNICIPIO] ([MUN_ID], [MUN_DESC], [DEP_ID]) VALUES (394, N'SANTA ROSA', 19)
INSERT [COM].[MUNICIPIO] ([MUN_ID], [MUN_DESC], [DEP_ID]) VALUES (395, N'SILVIA', 19)
INSERT [COM].[MUNICIPIO] ([MUN_ID], [MUN_DESC], [DEP_ID]) VALUES (396, N'SOTARA', 19)
INSERT [COM].[MUNICIPIO] ([MUN_ID], [MUN_DESC], [DEP_ID]) VALUES (397, N'SUAREZ', 19)
INSERT [COM].[MUNICIPIO] ([MUN_ID], [MUN_DESC], [DEP_ID]) VALUES (398, N'SUCRE', 19)
INSERT [COM].[MUNICIPIO] ([MUN_ID], [MUN_DESC], [DEP_ID]) VALUES (399, N'TIMBIO', 19)
GO
INSERT [COM].[MUNICIPIO] ([MUN_ID], [MUN_DESC], [DEP_ID]) VALUES (400, N'TIMBIQUI', 19)
INSERT [COM].[MUNICIPIO] ([MUN_ID], [MUN_DESC], [DEP_ID]) VALUES (401, N'TORIBIO', 19)
INSERT [COM].[MUNICIPIO] ([MUN_ID], [MUN_DESC], [DEP_ID]) VALUES (402, N'TOTORO', 19)
INSERT [COM].[MUNICIPIO] ([MUN_ID], [MUN_DESC], [DEP_ID]) VALUES (403, N'VILLA RICA', 19)
INSERT [COM].[MUNICIPIO] ([MUN_ID], [MUN_DESC], [DEP_ID]) VALUES (404, N'VALLEDUPAR', 20)
INSERT [COM].[MUNICIPIO] ([MUN_ID], [MUN_DESC], [DEP_ID]) VALUES (405, N'AGUACHICA', 20)
INSERT [COM].[MUNICIPIO] ([MUN_ID], [MUN_DESC], [DEP_ID]) VALUES (406, N'AGUSTIN CODAZZI', 20)
INSERT [COM].[MUNICIPIO] ([MUN_ID], [MUN_DESC], [DEP_ID]) VALUES (407, N'ASTREA', 20)
INSERT [COM].[MUNICIPIO] ([MUN_ID], [MUN_DESC], [DEP_ID]) VALUES (408, N'BECERRIL', 20)
INSERT [COM].[MUNICIPIO] ([MUN_ID], [MUN_DESC], [DEP_ID]) VALUES (409, N'BOSCONIA', 20)
INSERT [COM].[MUNICIPIO] ([MUN_ID], [MUN_DESC], [DEP_ID]) VALUES (410, N'CHIMICHAGUA', 20)
INSERT [COM].[MUNICIPIO] ([MUN_ID], [MUN_DESC], [DEP_ID]) VALUES (411, N'CHIRIGUANA', 20)
INSERT [COM].[MUNICIPIO] ([MUN_ID], [MUN_DESC], [DEP_ID]) VALUES (412, N'CURUMANI', 20)
INSERT [COM].[MUNICIPIO] ([MUN_ID], [MUN_DESC], [DEP_ID]) VALUES (413, N'EL COPEY', 20)
INSERT [COM].[MUNICIPIO] ([MUN_ID], [MUN_DESC], [DEP_ID]) VALUES (414, N'EL PASO', 20)
INSERT [COM].[MUNICIPIO] ([MUN_ID], [MUN_DESC], [DEP_ID]) VALUES (415, N'GAMARRA', 20)
INSERT [COM].[MUNICIPIO] ([MUN_ID], [MUN_DESC], [DEP_ID]) VALUES (416, N'GONZALEZ', 20)
INSERT [COM].[MUNICIPIO] ([MUN_ID], [MUN_DESC], [DEP_ID]) VALUES (417, N'LA GLORIA', 20)
INSERT [COM].[MUNICIPIO] ([MUN_ID], [MUN_DESC], [DEP_ID]) VALUES (418, N'LA JAGUA DE IBIRICO', 20)
INSERT [COM].[MUNICIPIO] ([MUN_ID], [MUN_DESC], [DEP_ID]) VALUES (419, N'MANAURE', 20)
INSERT [COM].[MUNICIPIO] ([MUN_ID], [MUN_DESC], [DEP_ID]) VALUES (420, N'PAILITAS', 20)
INSERT [COM].[MUNICIPIO] ([MUN_ID], [MUN_DESC], [DEP_ID]) VALUES (421, N'PELAYA', 20)
INSERT [COM].[MUNICIPIO] ([MUN_ID], [MUN_DESC], [DEP_ID]) VALUES (422, N'PUEBLO BELLO', 20)
INSERT [COM].[MUNICIPIO] ([MUN_ID], [MUN_DESC], [DEP_ID]) VALUES (423, N'RIO DE ORO', 20)
INSERT [COM].[MUNICIPIO] ([MUN_ID], [MUN_DESC], [DEP_ID]) VALUES (424, N'LA PAZ', 20)
INSERT [COM].[MUNICIPIO] ([MUN_ID], [MUN_DESC], [DEP_ID]) VALUES (425, N'SAN ALBERTO', 20)
INSERT [COM].[MUNICIPIO] ([MUN_ID], [MUN_DESC], [DEP_ID]) VALUES (426, N'SAN DIEGO', 20)
INSERT [COM].[MUNICIPIO] ([MUN_ID], [MUN_DESC], [DEP_ID]) VALUES (427, N'SAN MARTIN', 20)
INSERT [COM].[MUNICIPIO] ([MUN_ID], [MUN_DESC], [DEP_ID]) VALUES (428, N'TAMALAMEQUE', 20)
INSERT [COM].[MUNICIPIO] ([MUN_ID], [MUN_DESC], [DEP_ID]) VALUES (429, N'MONTERIA', 23)
INSERT [COM].[MUNICIPIO] ([MUN_ID], [MUN_DESC], [DEP_ID]) VALUES (430, N'AYAPEL', 23)
INSERT [COM].[MUNICIPIO] ([MUN_ID], [MUN_DESC], [DEP_ID]) VALUES (431, N'BUENAVISTA', 23)
INSERT [COM].[MUNICIPIO] ([MUN_ID], [MUN_DESC], [DEP_ID]) VALUES (432, N'CANALETE', 23)
INSERT [COM].[MUNICIPIO] ([MUN_ID], [MUN_DESC], [DEP_ID]) VALUES (433, N'CERETE', 23)
INSERT [COM].[MUNICIPIO] ([MUN_ID], [MUN_DESC], [DEP_ID]) VALUES (434, N'CHIMA', 23)
INSERT [COM].[MUNICIPIO] ([MUN_ID], [MUN_DESC], [DEP_ID]) VALUES (435, N'CHINU', 23)
INSERT [COM].[MUNICIPIO] ([MUN_ID], [MUN_DESC], [DEP_ID]) VALUES (436, N'CIENAGA DE ORO', 23)
INSERT [COM].[MUNICIPIO] ([MUN_ID], [MUN_DESC], [DEP_ID]) VALUES (437, N'COTORRA', 23)
INSERT [COM].[MUNICIPIO] ([MUN_ID], [MUN_DESC], [DEP_ID]) VALUES (438, N'LA APARTADA', 23)
INSERT [COM].[MUNICIPIO] ([MUN_ID], [MUN_DESC], [DEP_ID]) VALUES (439, N'LORICA', 23)
INSERT [COM].[MUNICIPIO] ([MUN_ID], [MUN_DESC], [DEP_ID]) VALUES (440, N'LOS CORDOBAS', 23)
INSERT [COM].[MUNICIPIO] ([MUN_ID], [MUN_DESC], [DEP_ID]) VALUES (441, N'MOMIL', 23)
INSERT [COM].[MUNICIPIO] ([MUN_ID], [MUN_DESC], [DEP_ID]) VALUES (442, N'MONTELIBANO', 23)
INSERT [COM].[MUNICIPIO] ([MUN_ID], [MUN_DESC], [DEP_ID]) VALUES (443, N'MOÑITOS', 23)
INSERT [COM].[MUNICIPIO] ([MUN_ID], [MUN_DESC], [DEP_ID]) VALUES (444, N'PLANETA RICA', 23)
INSERT [COM].[MUNICIPIO] ([MUN_ID], [MUN_DESC], [DEP_ID]) VALUES (445, N'PUEBLO NUEVO', 23)
INSERT [COM].[MUNICIPIO] ([MUN_ID], [MUN_DESC], [DEP_ID]) VALUES (446, N'PUERTO ESCONDIDO', 23)
INSERT [COM].[MUNICIPIO] ([MUN_ID], [MUN_DESC], [DEP_ID]) VALUES (447, N'PUERTO LIBERTADOR', 23)
INSERT [COM].[MUNICIPIO] ([MUN_ID], [MUN_DESC], [DEP_ID]) VALUES (448, N'PURISIMA', 23)
INSERT [COM].[MUNICIPIO] ([MUN_ID], [MUN_DESC], [DEP_ID]) VALUES (449, N'SAHAGUN', 23)
INSERT [COM].[MUNICIPIO] ([MUN_ID], [MUN_DESC], [DEP_ID]) VALUES (450, N'SAN ANDRES SOTAVENTO', 23)
INSERT [COM].[MUNICIPIO] ([MUN_ID], [MUN_DESC], [DEP_ID]) VALUES (451, N'SAN ANTERO', 23)
INSERT [COM].[MUNICIPIO] ([MUN_ID], [MUN_DESC], [DEP_ID]) VALUES (452, N'SAN BERNARDO DEL VIENTO', 23)
INSERT [COM].[MUNICIPIO] ([MUN_ID], [MUN_DESC], [DEP_ID]) VALUES (453, N'SAN CARLOS', 23)
INSERT [COM].[MUNICIPIO] ([MUN_ID], [MUN_DESC], [DEP_ID]) VALUES (454, N'SAN PELAYO', 23)
INSERT [COM].[MUNICIPIO] ([MUN_ID], [MUN_DESC], [DEP_ID]) VALUES (455, N'TIERRALTA', 23)
INSERT [COM].[MUNICIPIO] ([MUN_ID], [MUN_DESC], [DEP_ID]) VALUES (456, N'VALENCIA', 23)
INSERT [COM].[MUNICIPIO] ([MUN_ID], [MUN_DESC], [DEP_ID]) VALUES (457, N'AGUA DE DIOS', 25)
INSERT [COM].[MUNICIPIO] ([MUN_ID], [MUN_DESC], [DEP_ID]) VALUES (458, N'ALBAN', 25)
INSERT [COM].[MUNICIPIO] ([MUN_ID], [MUN_DESC], [DEP_ID]) VALUES (459, N'ANAPOIMA', 25)
INSERT [COM].[MUNICIPIO] ([MUN_ID], [MUN_DESC], [DEP_ID]) VALUES (460, N'ANOLAIMA', 25)
INSERT [COM].[MUNICIPIO] ([MUN_ID], [MUN_DESC], [DEP_ID]) VALUES (461, N'ARBELAEZ', 25)
INSERT [COM].[MUNICIPIO] ([MUN_ID], [MUN_DESC], [DEP_ID]) VALUES (462, N'BELTRAN', 25)
INSERT [COM].[MUNICIPIO] ([MUN_ID], [MUN_DESC], [DEP_ID]) VALUES (463, N'BITUIMA', 25)
INSERT [COM].[MUNICIPIO] ([MUN_ID], [MUN_DESC], [DEP_ID]) VALUES (464, N'BOJACA', 25)
INSERT [COM].[MUNICIPIO] ([MUN_ID], [MUN_DESC], [DEP_ID]) VALUES (465, N'CABRERA', 25)
INSERT [COM].[MUNICIPIO] ([MUN_ID], [MUN_DESC], [DEP_ID]) VALUES (466, N'CACHIPAY', 25)
INSERT [COM].[MUNICIPIO] ([MUN_ID], [MUN_DESC], [DEP_ID]) VALUES (467, N'CAJICA', 25)
INSERT [COM].[MUNICIPIO] ([MUN_ID], [MUN_DESC], [DEP_ID]) VALUES (468, N'CAPARRAPI', 25)
INSERT [COM].[MUNICIPIO] ([MUN_ID], [MUN_DESC], [DEP_ID]) VALUES (469, N'CAQUEZA', 25)
INSERT [COM].[MUNICIPIO] ([MUN_ID], [MUN_DESC], [DEP_ID]) VALUES (470, N'CARMEN DE CARUPA', 25)
INSERT [COM].[MUNICIPIO] ([MUN_ID], [MUN_DESC], [DEP_ID]) VALUES (471, N'CHAGUANI', 25)
INSERT [COM].[MUNICIPIO] ([MUN_ID], [MUN_DESC], [DEP_ID]) VALUES (472, N'CHIA', 25)
INSERT [COM].[MUNICIPIO] ([MUN_ID], [MUN_DESC], [DEP_ID]) VALUES (473, N'CHIPAQUE', 25)
INSERT [COM].[MUNICIPIO] ([MUN_ID], [MUN_DESC], [DEP_ID]) VALUES (474, N'CHOACHI', 25)
INSERT [COM].[MUNICIPIO] ([MUN_ID], [MUN_DESC], [DEP_ID]) VALUES (475, N'CHOCONTA', 25)
INSERT [COM].[MUNICIPIO] ([MUN_ID], [MUN_DESC], [DEP_ID]) VALUES (476, N'COGUA', 25)
INSERT [COM].[MUNICIPIO] ([MUN_ID], [MUN_DESC], [DEP_ID]) VALUES (477, N'COTA', 25)
INSERT [COM].[MUNICIPIO] ([MUN_ID], [MUN_DESC], [DEP_ID]) VALUES (478, N'CUCUNUBA', 25)
INSERT [COM].[MUNICIPIO] ([MUN_ID], [MUN_DESC], [DEP_ID]) VALUES (479, N'EL COLEGIO', 25)
INSERT [COM].[MUNICIPIO] ([MUN_ID], [MUN_DESC], [DEP_ID]) VALUES (480, N'EL PEÑON', 25)
INSERT [COM].[MUNICIPIO] ([MUN_ID], [MUN_DESC], [DEP_ID]) VALUES (481, N'EL ROSAL', 25)
INSERT [COM].[MUNICIPIO] ([MUN_ID], [MUN_DESC], [DEP_ID]) VALUES (482, N'FACATATIVA', 25)
INSERT [COM].[MUNICIPIO] ([MUN_ID], [MUN_DESC], [DEP_ID]) VALUES (483, N'FOMEQUE', 25)
INSERT [COM].[MUNICIPIO] ([MUN_ID], [MUN_DESC], [DEP_ID]) VALUES (484, N'FOSCA', 25)
INSERT [COM].[MUNICIPIO] ([MUN_ID], [MUN_DESC], [DEP_ID]) VALUES (485, N'FUNZA', 25)
INSERT [COM].[MUNICIPIO] ([MUN_ID], [MUN_DESC], [DEP_ID]) VALUES (486, N'FUQUENE', 25)
INSERT [COM].[MUNICIPIO] ([MUN_ID], [MUN_DESC], [DEP_ID]) VALUES (487, N'FUSAGASUGA', 25)
INSERT [COM].[MUNICIPIO] ([MUN_ID], [MUN_DESC], [DEP_ID]) VALUES (488, N'GACHALA', 25)
INSERT [COM].[MUNICIPIO] ([MUN_ID], [MUN_DESC], [DEP_ID]) VALUES (489, N'GACHANCIPA', 25)
INSERT [COM].[MUNICIPIO] ([MUN_ID], [MUN_DESC], [DEP_ID]) VALUES (490, N'GACHETA', 25)
INSERT [COM].[MUNICIPIO] ([MUN_ID], [MUN_DESC], [DEP_ID]) VALUES (491, N'GAMA', 25)
INSERT [COM].[MUNICIPIO] ([MUN_ID], [MUN_DESC], [DEP_ID]) VALUES (492, N'GIRARDOT', 25)
INSERT [COM].[MUNICIPIO] ([MUN_ID], [MUN_DESC], [DEP_ID]) VALUES (493, N'GRANADA', 25)
INSERT [COM].[MUNICIPIO] ([MUN_ID], [MUN_DESC], [DEP_ID]) VALUES (494, N'GUACHETA', 25)
INSERT [COM].[MUNICIPIO] ([MUN_ID], [MUN_DESC], [DEP_ID]) VALUES (495, N'GUADUAS', 25)
INSERT [COM].[MUNICIPIO] ([MUN_ID], [MUN_DESC], [DEP_ID]) VALUES (496, N'GUASCA', 25)
INSERT [COM].[MUNICIPIO] ([MUN_ID], [MUN_DESC], [DEP_ID]) VALUES (497, N'GUATAQUI', 25)
INSERT [COM].[MUNICIPIO] ([MUN_ID], [MUN_DESC], [DEP_ID]) VALUES (498, N'GUATAVITA', 25)
INSERT [COM].[MUNICIPIO] ([MUN_ID], [MUN_DESC], [DEP_ID]) VALUES (499, N'GUAYABAL DE SIQUIMA', 25)
GO
INSERT [COM].[MUNICIPIO] ([MUN_ID], [MUN_DESC], [DEP_ID]) VALUES (500, N'GUAYABETAL', 25)
INSERT [COM].[MUNICIPIO] ([MUN_ID], [MUN_DESC], [DEP_ID]) VALUES (501, N'GUTIERREZ', 25)
INSERT [COM].[MUNICIPIO] ([MUN_ID], [MUN_DESC], [DEP_ID]) VALUES (502, N'JERUSALEN', 25)
INSERT [COM].[MUNICIPIO] ([MUN_ID], [MUN_DESC], [DEP_ID]) VALUES (503, N'JUNIN', 25)
INSERT [COM].[MUNICIPIO] ([MUN_ID], [MUN_DESC], [DEP_ID]) VALUES (504, N'LA CALERA', 25)
INSERT [COM].[MUNICIPIO] ([MUN_ID], [MUN_DESC], [DEP_ID]) VALUES (505, N'LA MESA', 25)
INSERT [COM].[MUNICIPIO] ([MUN_ID], [MUN_DESC], [DEP_ID]) VALUES (506, N'LA PALMA', 25)
INSERT [COM].[MUNICIPIO] ([MUN_ID], [MUN_DESC], [DEP_ID]) VALUES (507, N'LA PEÑA', 25)
INSERT [COM].[MUNICIPIO] ([MUN_ID], [MUN_DESC], [DEP_ID]) VALUES (508, N'LA VEGA', 25)
INSERT [COM].[MUNICIPIO] ([MUN_ID], [MUN_DESC], [DEP_ID]) VALUES (509, N'LENGUAZAQUE', 25)
INSERT [COM].[MUNICIPIO] ([MUN_ID], [MUN_DESC], [DEP_ID]) VALUES (510, N'MACHETA', 25)
INSERT [COM].[MUNICIPIO] ([MUN_ID], [MUN_DESC], [DEP_ID]) VALUES (511, N'MADRID', 25)
INSERT [COM].[MUNICIPIO] ([MUN_ID], [MUN_DESC], [DEP_ID]) VALUES (512, N'MANTA', 25)
INSERT [COM].[MUNICIPIO] ([MUN_ID], [MUN_DESC], [DEP_ID]) VALUES (513, N'MEDINA', 25)
INSERT [COM].[MUNICIPIO] ([MUN_ID], [MUN_DESC], [DEP_ID]) VALUES (514, N'MOSQUERA', 25)
INSERT [COM].[MUNICIPIO] ([MUN_ID], [MUN_DESC], [DEP_ID]) VALUES (515, N'NARIÑO', 25)
INSERT [COM].[MUNICIPIO] ([MUN_ID], [MUN_DESC], [DEP_ID]) VALUES (516, N'NEMOCON', 25)
INSERT [COM].[MUNICIPIO] ([MUN_ID], [MUN_DESC], [DEP_ID]) VALUES (517, N'NILO', 25)
INSERT [COM].[MUNICIPIO] ([MUN_ID], [MUN_DESC], [DEP_ID]) VALUES (518, N'NIMAIMA', 25)
INSERT [COM].[MUNICIPIO] ([MUN_ID], [MUN_DESC], [DEP_ID]) VALUES (519, N'NOCAIMA', 25)
INSERT [COM].[MUNICIPIO] ([MUN_ID], [MUN_DESC], [DEP_ID]) VALUES (520, N'VENECIA', 25)
INSERT [COM].[MUNICIPIO] ([MUN_ID], [MUN_DESC], [DEP_ID]) VALUES (521, N'PACHO', 25)
INSERT [COM].[MUNICIPIO] ([MUN_ID], [MUN_DESC], [DEP_ID]) VALUES (522, N'PAIME', 25)
INSERT [COM].[MUNICIPIO] ([MUN_ID], [MUN_DESC], [DEP_ID]) VALUES (523, N'PANDI', 25)
INSERT [COM].[MUNICIPIO] ([MUN_ID], [MUN_DESC], [DEP_ID]) VALUES (524, N'PARATEBUENO', 25)
INSERT [COM].[MUNICIPIO] ([MUN_ID], [MUN_DESC], [DEP_ID]) VALUES (525, N'PASCA', 25)
INSERT [COM].[MUNICIPIO] ([MUN_ID], [MUN_DESC], [DEP_ID]) VALUES (526, N'PUERTO SALGAR', 25)
INSERT [COM].[MUNICIPIO] ([MUN_ID], [MUN_DESC], [DEP_ID]) VALUES (527, N'PULI', 25)
INSERT [COM].[MUNICIPIO] ([MUN_ID], [MUN_DESC], [DEP_ID]) VALUES (528, N'QUEBRADANEGRA', 25)
INSERT [COM].[MUNICIPIO] ([MUN_ID], [MUN_DESC], [DEP_ID]) VALUES (529, N'QUETAME', 25)
INSERT [COM].[MUNICIPIO] ([MUN_ID], [MUN_DESC], [DEP_ID]) VALUES (530, N'QUIPILE', 25)
INSERT [COM].[MUNICIPIO] ([MUN_ID], [MUN_DESC], [DEP_ID]) VALUES (531, N'APULO', 25)
INSERT [COM].[MUNICIPIO] ([MUN_ID], [MUN_DESC], [DEP_ID]) VALUES (532, N'RICAURTE', 25)
INSERT [COM].[MUNICIPIO] ([MUN_ID], [MUN_DESC], [DEP_ID]) VALUES (533, N'SAN ANTONIO DEL TEQUENDAMA', 25)
INSERT [COM].[MUNICIPIO] ([MUN_ID], [MUN_DESC], [DEP_ID]) VALUES (534, N'SAN BERNARDO', 25)
INSERT [COM].[MUNICIPIO] ([MUN_ID], [MUN_DESC], [DEP_ID]) VALUES (535, N'SAN CAYETANO', 25)
INSERT [COM].[MUNICIPIO] ([MUN_ID], [MUN_DESC], [DEP_ID]) VALUES (536, N'SAN FRANCISCO', 25)
INSERT [COM].[MUNICIPIO] ([MUN_ID], [MUN_DESC], [DEP_ID]) VALUES (537, N'SAN JUAN DE RIO SECO', 25)
INSERT [COM].[MUNICIPIO] ([MUN_ID], [MUN_DESC], [DEP_ID]) VALUES (538, N'SASAIMA', 25)
INSERT [COM].[MUNICIPIO] ([MUN_ID], [MUN_DESC], [DEP_ID]) VALUES (539, N'SESQUILE', 25)
INSERT [COM].[MUNICIPIO] ([MUN_ID], [MUN_DESC], [DEP_ID]) VALUES (540, N'SIBATE', 25)
INSERT [COM].[MUNICIPIO] ([MUN_ID], [MUN_DESC], [DEP_ID]) VALUES (541, N'SILVANIA', 25)
INSERT [COM].[MUNICIPIO] ([MUN_ID], [MUN_DESC], [DEP_ID]) VALUES (542, N'SIMIJACA', 25)
INSERT [COM].[MUNICIPIO] ([MUN_ID], [MUN_DESC], [DEP_ID]) VALUES (543, N'SOACHA', 25)
INSERT [COM].[MUNICIPIO] ([MUN_ID], [MUN_DESC], [DEP_ID]) VALUES (544, N'SOPO', 25)
INSERT [COM].[MUNICIPIO] ([MUN_ID], [MUN_DESC], [DEP_ID]) VALUES (545, N'SUBACHOQUE', 25)
INSERT [COM].[MUNICIPIO] ([MUN_ID], [MUN_DESC], [DEP_ID]) VALUES (546, N'SUESCA', 25)
INSERT [COM].[MUNICIPIO] ([MUN_ID], [MUN_DESC], [DEP_ID]) VALUES (547, N'SUPATA', 25)
INSERT [COM].[MUNICIPIO] ([MUN_ID], [MUN_DESC], [DEP_ID]) VALUES (548, N'SUSA', 25)
INSERT [COM].[MUNICIPIO] ([MUN_ID], [MUN_DESC], [DEP_ID]) VALUES (549, N'SUTATAUSA', 25)
INSERT [COM].[MUNICIPIO] ([MUN_ID], [MUN_DESC], [DEP_ID]) VALUES (550, N'TABIO', 25)
INSERT [COM].[MUNICIPIO] ([MUN_ID], [MUN_DESC], [DEP_ID]) VALUES (551, N'TAUSA', 25)
INSERT [COM].[MUNICIPIO] ([MUN_ID], [MUN_DESC], [DEP_ID]) VALUES (552, N'TENA', 25)
INSERT [COM].[MUNICIPIO] ([MUN_ID], [MUN_DESC], [DEP_ID]) VALUES (553, N'TENJO', 25)
INSERT [COM].[MUNICIPIO] ([MUN_ID], [MUN_DESC], [DEP_ID]) VALUES (554, N'TIBACUY', 25)
INSERT [COM].[MUNICIPIO] ([MUN_ID], [MUN_DESC], [DEP_ID]) VALUES (555, N'TIBIRITA', 25)
INSERT [COM].[MUNICIPIO] ([MUN_ID], [MUN_DESC], [DEP_ID]) VALUES (556, N'TOCAIMA', 25)
INSERT [COM].[MUNICIPIO] ([MUN_ID], [MUN_DESC], [DEP_ID]) VALUES (557, N'TOCANCIPA', 25)
INSERT [COM].[MUNICIPIO] ([MUN_ID], [MUN_DESC], [DEP_ID]) VALUES (558, N'TOPAIPI', 25)
INSERT [COM].[MUNICIPIO] ([MUN_ID], [MUN_DESC], [DEP_ID]) VALUES (559, N'UBALA', 25)
INSERT [COM].[MUNICIPIO] ([MUN_ID], [MUN_DESC], [DEP_ID]) VALUES (560, N'UBAQUE', 25)
INSERT [COM].[MUNICIPIO] ([MUN_ID], [MUN_DESC], [DEP_ID]) VALUES (561, N'VILLA DE SAN DIEGO DE UBATE', 25)
INSERT [COM].[MUNICIPIO] ([MUN_ID], [MUN_DESC], [DEP_ID]) VALUES (562, N'UNE', 25)
INSERT [COM].[MUNICIPIO] ([MUN_ID], [MUN_DESC], [DEP_ID]) VALUES (563, N'UTICA', 25)
INSERT [COM].[MUNICIPIO] ([MUN_ID], [MUN_DESC], [DEP_ID]) VALUES (564, N'VERGARA', 25)
INSERT [COM].[MUNICIPIO] ([MUN_ID], [MUN_DESC], [DEP_ID]) VALUES (565, N'VIANI', 25)
INSERT [COM].[MUNICIPIO] ([MUN_ID], [MUN_DESC], [DEP_ID]) VALUES (566, N'VILLAGOMEZ', 25)
INSERT [COM].[MUNICIPIO] ([MUN_ID], [MUN_DESC], [DEP_ID]) VALUES (567, N'VILLAPINZON', 25)
INSERT [COM].[MUNICIPIO] ([MUN_ID], [MUN_DESC], [DEP_ID]) VALUES (568, N'VILLETA', 25)
INSERT [COM].[MUNICIPIO] ([MUN_ID], [MUN_DESC], [DEP_ID]) VALUES (569, N'VIOTA', 25)
INSERT [COM].[MUNICIPIO] ([MUN_ID], [MUN_DESC], [DEP_ID]) VALUES (570, N'YACOPI', 25)
INSERT [COM].[MUNICIPIO] ([MUN_ID], [MUN_DESC], [DEP_ID]) VALUES (571, N'ZIPACON', 25)
INSERT [COM].[MUNICIPIO] ([MUN_ID], [MUN_DESC], [DEP_ID]) VALUES (572, N'ZIPAQUIRA', 25)
INSERT [COM].[MUNICIPIO] ([MUN_ID], [MUN_DESC], [DEP_ID]) VALUES (573, N'QUIBDO', 27)
INSERT [COM].[MUNICIPIO] ([MUN_ID], [MUN_DESC], [DEP_ID]) VALUES (574, N'ACANDI', 27)
INSERT [COM].[MUNICIPIO] ([MUN_ID], [MUN_DESC], [DEP_ID]) VALUES (575, N'ALTO BAUDO', 27)
INSERT [COM].[MUNICIPIO] ([MUN_ID], [MUN_DESC], [DEP_ID]) VALUES (576, N'ATRATO', 27)
INSERT [COM].[MUNICIPIO] ([MUN_ID], [MUN_DESC], [DEP_ID]) VALUES (577, N'BAGADO', 27)
INSERT [COM].[MUNICIPIO] ([MUN_ID], [MUN_DESC], [DEP_ID]) VALUES (578, N'BAHIA SOLANO', 27)
INSERT [COM].[MUNICIPIO] ([MUN_ID], [MUN_DESC], [DEP_ID]) VALUES (579, N'BAJO BAUDO', 27)
INSERT [COM].[MUNICIPIO] ([MUN_ID], [MUN_DESC], [DEP_ID]) VALUES (580, N'BOJAYA', 27)
INSERT [COM].[MUNICIPIO] ([MUN_ID], [MUN_DESC], [DEP_ID]) VALUES (581, N'EL CANTON DEL SAN PABLO', 27)
INSERT [COM].[MUNICIPIO] ([MUN_ID], [MUN_DESC], [DEP_ID]) VALUES (582, N'CARMEN DEL DARIEN', 27)
INSERT [COM].[MUNICIPIO] ([MUN_ID], [MUN_DESC], [DEP_ID]) VALUES (583, N'CERTEGUI', 27)
INSERT [COM].[MUNICIPIO] ([MUN_ID], [MUN_DESC], [DEP_ID]) VALUES (584, N'CONDOTO', 27)
INSERT [COM].[MUNICIPIO] ([MUN_ID], [MUN_DESC], [DEP_ID]) VALUES (585, N'EL CARMEN DE ATRATO', 27)
INSERT [COM].[MUNICIPIO] ([MUN_ID], [MUN_DESC], [DEP_ID]) VALUES (586, N'EL LITORAL DEL SAN JUAN', 27)
INSERT [COM].[MUNICIPIO] ([MUN_ID], [MUN_DESC], [DEP_ID]) VALUES (587, N'ISTMINA', 27)
INSERT [COM].[MUNICIPIO] ([MUN_ID], [MUN_DESC], [DEP_ID]) VALUES (588, N'JURADO', 27)
INSERT [COM].[MUNICIPIO] ([MUN_ID], [MUN_DESC], [DEP_ID]) VALUES (589, N'LLORO', 27)
INSERT [COM].[MUNICIPIO] ([MUN_ID], [MUN_DESC], [DEP_ID]) VALUES (590, N'MEDIO ATRATO', 27)
INSERT [COM].[MUNICIPIO] ([MUN_ID], [MUN_DESC], [DEP_ID]) VALUES (591, N'MEDIO BAUDO', 27)
INSERT [COM].[MUNICIPIO] ([MUN_ID], [MUN_DESC], [DEP_ID]) VALUES (592, N'MEDIO SAN JUAN', 27)
INSERT [COM].[MUNICIPIO] ([MUN_ID], [MUN_DESC], [DEP_ID]) VALUES (593, N'NOVITA', 27)
INSERT [COM].[MUNICIPIO] ([MUN_ID], [MUN_DESC], [DEP_ID]) VALUES (594, N'NUQUI', 27)
INSERT [COM].[MUNICIPIO] ([MUN_ID], [MUN_DESC], [DEP_ID]) VALUES (595, N'RIO IRO', 27)
INSERT [COM].[MUNICIPIO] ([MUN_ID], [MUN_DESC], [DEP_ID]) VALUES (596, N'RIO QUITO', 27)
INSERT [COM].[MUNICIPIO] ([MUN_ID], [MUN_DESC], [DEP_ID]) VALUES (597, N'RIOSUCIO', 27)
INSERT [COM].[MUNICIPIO] ([MUN_ID], [MUN_DESC], [DEP_ID]) VALUES (598, N'SAN JOSE DEL PALMAR', 27)
INSERT [COM].[MUNICIPIO] ([MUN_ID], [MUN_DESC], [DEP_ID]) VALUES (599, N'SIPI', 27)
GO
INSERT [COM].[MUNICIPIO] ([MUN_ID], [MUN_DESC], [DEP_ID]) VALUES (600, N'TADO', 27)
INSERT [COM].[MUNICIPIO] ([MUN_ID], [MUN_DESC], [DEP_ID]) VALUES (601, N'UNGUIA', 27)
INSERT [COM].[MUNICIPIO] ([MUN_ID], [MUN_DESC], [DEP_ID]) VALUES (602, N'UNION PANAMERICANA', 27)
INSERT [COM].[MUNICIPIO] ([MUN_ID], [MUN_DESC], [DEP_ID]) VALUES (603, N'NEIVA', 41)
INSERT [COM].[MUNICIPIO] ([MUN_ID], [MUN_DESC], [DEP_ID]) VALUES (604, N'ACEVEDO', 41)
INSERT [COM].[MUNICIPIO] ([MUN_ID], [MUN_DESC], [DEP_ID]) VALUES (605, N'AGRADO', 41)
INSERT [COM].[MUNICIPIO] ([MUN_ID], [MUN_DESC], [DEP_ID]) VALUES (606, N'AIPE', 41)
INSERT [COM].[MUNICIPIO] ([MUN_ID], [MUN_DESC], [DEP_ID]) VALUES (607, N'ALGECIRAS', 41)
INSERT [COM].[MUNICIPIO] ([MUN_ID], [MUN_DESC], [DEP_ID]) VALUES (608, N'ALTAMIRA', 41)
INSERT [COM].[MUNICIPIO] ([MUN_ID], [MUN_DESC], [DEP_ID]) VALUES (609, N'BARAYA', 41)
INSERT [COM].[MUNICIPIO] ([MUN_ID], [MUN_DESC], [DEP_ID]) VALUES (610, N'CAMPOALEGRE', 41)
INSERT [COM].[MUNICIPIO] ([MUN_ID], [MUN_DESC], [DEP_ID]) VALUES (611, N'COLOMBIA', 41)
INSERT [COM].[MUNICIPIO] ([MUN_ID], [MUN_DESC], [DEP_ID]) VALUES (612, N'ELIAS', 41)
INSERT [COM].[MUNICIPIO] ([MUN_ID], [MUN_DESC], [DEP_ID]) VALUES (613, N'GARZON', 41)
INSERT [COM].[MUNICIPIO] ([MUN_ID], [MUN_DESC], [DEP_ID]) VALUES (614, N'GIGANTE', 41)
INSERT [COM].[MUNICIPIO] ([MUN_ID], [MUN_DESC], [DEP_ID]) VALUES (615, N'GUADALUPE', 41)
INSERT [COM].[MUNICIPIO] ([MUN_ID], [MUN_DESC], [DEP_ID]) VALUES (616, N'HOBO', 41)
INSERT [COM].[MUNICIPIO] ([MUN_ID], [MUN_DESC], [DEP_ID]) VALUES (617, N'IQUIRA', 41)
INSERT [COM].[MUNICIPIO] ([MUN_ID], [MUN_DESC], [DEP_ID]) VALUES (618, N'ISNOS', 41)
INSERT [COM].[MUNICIPIO] ([MUN_ID], [MUN_DESC], [DEP_ID]) VALUES (619, N'LA ARGENTINA', 41)
INSERT [COM].[MUNICIPIO] ([MUN_ID], [MUN_DESC], [DEP_ID]) VALUES (620, N'LA PLATA', 41)
INSERT [COM].[MUNICIPIO] ([MUN_ID], [MUN_DESC], [DEP_ID]) VALUES (621, N'NATAGA', 41)
INSERT [COM].[MUNICIPIO] ([MUN_ID], [MUN_DESC], [DEP_ID]) VALUES (622, N'OPORAPA', 41)
INSERT [COM].[MUNICIPIO] ([MUN_ID], [MUN_DESC], [DEP_ID]) VALUES (623, N'PAICOL', 41)
INSERT [COM].[MUNICIPIO] ([MUN_ID], [MUN_DESC], [DEP_ID]) VALUES (624, N'PALERMO', 41)
INSERT [COM].[MUNICIPIO] ([MUN_ID], [MUN_DESC], [DEP_ID]) VALUES (625, N'PALESTINA', 41)
INSERT [COM].[MUNICIPIO] ([MUN_ID], [MUN_DESC], [DEP_ID]) VALUES (626, N'PITAL', 41)
INSERT [COM].[MUNICIPIO] ([MUN_ID], [MUN_DESC], [DEP_ID]) VALUES (627, N'PITALITO', 41)
INSERT [COM].[MUNICIPIO] ([MUN_ID], [MUN_DESC], [DEP_ID]) VALUES (628, N'RIVERA', 41)
INSERT [COM].[MUNICIPIO] ([MUN_ID], [MUN_DESC], [DEP_ID]) VALUES (629, N'SALADOBLANCO', 41)
INSERT [COM].[MUNICIPIO] ([MUN_ID], [MUN_DESC], [DEP_ID]) VALUES (630, N'SAN AGUSTIN', 41)
INSERT [COM].[MUNICIPIO] ([MUN_ID], [MUN_DESC], [DEP_ID]) VALUES (631, N'SANTA MARIA', 41)
INSERT [COM].[MUNICIPIO] ([MUN_ID], [MUN_DESC], [DEP_ID]) VALUES (632, N'SUAZA', 41)
INSERT [COM].[MUNICIPIO] ([MUN_ID], [MUN_DESC], [DEP_ID]) VALUES (633, N'TARQUI', 41)
INSERT [COM].[MUNICIPIO] ([MUN_ID], [MUN_DESC], [DEP_ID]) VALUES (634, N'TESALIA', 41)
INSERT [COM].[MUNICIPIO] ([MUN_ID], [MUN_DESC], [DEP_ID]) VALUES (635, N'TELLO', 41)
INSERT [COM].[MUNICIPIO] ([MUN_ID], [MUN_DESC], [DEP_ID]) VALUES (636, N'TERUEL', 41)
INSERT [COM].[MUNICIPIO] ([MUN_ID], [MUN_DESC], [DEP_ID]) VALUES (637, N'TIMANA', 41)
INSERT [COM].[MUNICIPIO] ([MUN_ID], [MUN_DESC], [DEP_ID]) VALUES (638, N'VILLAVIEJA', 41)
INSERT [COM].[MUNICIPIO] ([MUN_ID], [MUN_DESC], [DEP_ID]) VALUES (639, N'YAGUARA', 41)
INSERT [COM].[MUNICIPIO] ([MUN_ID], [MUN_DESC], [DEP_ID]) VALUES (640, N'RIOHACHA', 44)
INSERT [COM].[MUNICIPIO] ([MUN_ID], [MUN_DESC], [DEP_ID]) VALUES (641, N'ALBANIA', 44)
INSERT [COM].[MUNICIPIO] ([MUN_ID], [MUN_DESC], [DEP_ID]) VALUES (642, N'BARRANCAS', 44)
INSERT [COM].[MUNICIPIO] ([MUN_ID], [MUN_DESC], [DEP_ID]) VALUES (643, N'DIBULLA', 44)
INSERT [COM].[MUNICIPIO] ([MUN_ID], [MUN_DESC], [DEP_ID]) VALUES (644, N'DISTRACCION', 44)
INSERT [COM].[MUNICIPIO] ([MUN_ID], [MUN_DESC], [DEP_ID]) VALUES (645, N'EL MOLINO', 44)
INSERT [COM].[MUNICIPIO] ([MUN_ID], [MUN_DESC], [DEP_ID]) VALUES (646, N'FONSECA', 44)
INSERT [COM].[MUNICIPIO] ([MUN_ID], [MUN_DESC], [DEP_ID]) VALUES (647, N'HATONUEVO', 44)
INSERT [COM].[MUNICIPIO] ([MUN_ID], [MUN_DESC], [DEP_ID]) VALUES (648, N'LA JAGUA DEL PILAR', 44)
INSERT [COM].[MUNICIPIO] ([MUN_ID], [MUN_DESC], [DEP_ID]) VALUES (649, N'MAICAO', 44)
INSERT [COM].[MUNICIPIO] ([MUN_ID], [MUN_DESC], [DEP_ID]) VALUES (650, N'MANAURE', 44)
INSERT [COM].[MUNICIPIO] ([MUN_ID], [MUN_DESC], [DEP_ID]) VALUES (651, N'SAN JUAN DEL CESAR', 44)
INSERT [COM].[MUNICIPIO] ([MUN_ID], [MUN_DESC], [DEP_ID]) VALUES (652, N'URIBIA', 44)
INSERT [COM].[MUNICIPIO] ([MUN_ID], [MUN_DESC], [DEP_ID]) VALUES (653, N'URUMITA', 44)
INSERT [COM].[MUNICIPIO] ([MUN_ID], [MUN_DESC], [DEP_ID]) VALUES (654, N'VILLANUEVA', 44)
INSERT [COM].[MUNICIPIO] ([MUN_ID], [MUN_DESC], [DEP_ID]) VALUES (655, N'SANTA MARTA', 47)
INSERT [COM].[MUNICIPIO] ([MUN_ID], [MUN_DESC], [DEP_ID]) VALUES (656, N'ALGARROBO', 47)
INSERT [COM].[MUNICIPIO] ([MUN_ID], [MUN_DESC], [DEP_ID]) VALUES (657, N'ARACATACA', 47)
INSERT [COM].[MUNICIPIO] ([MUN_ID], [MUN_DESC], [DEP_ID]) VALUES (658, N'ARIGUANI', 47)
INSERT [COM].[MUNICIPIO] ([MUN_ID], [MUN_DESC], [DEP_ID]) VALUES (659, N'CERRO SAN ANTONIO', 47)
INSERT [COM].[MUNICIPIO] ([MUN_ID], [MUN_DESC], [DEP_ID]) VALUES (660, N'CHIBOLO', 47)
INSERT [COM].[MUNICIPIO] ([MUN_ID], [MUN_DESC], [DEP_ID]) VALUES (661, N'CIENAGA', 47)
INSERT [COM].[MUNICIPIO] ([MUN_ID], [MUN_DESC], [DEP_ID]) VALUES (662, N'CONCORDIA', 47)
INSERT [COM].[MUNICIPIO] ([MUN_ID], [MUN_DESC], [DEP_ID]) VALUES (663, N'EL BANCO', 47)
INSERT [COM].[MUNICIPIO] ([MUN_ID], [MUN_DESC], [DEP_ID]) VALUES (664, N'EL PIÑON', 47)
INSERT [COM].[MUNICIPIO] ([MUN_ID], [MUN_DESC], [DEP_ID]) VALUES (665, N'EL RETEN', 47)
INSERT [COM].[MUNICIPIO] ([MUN_ID], [MUN_DESC], [DEP_ID]) VALUES (666, N'FUNDACION', 47)
INSERT [COM].[MUNICIPIO] ([MUN_ID], [MUN_DESC], [DEP_ID]) VALUES (667, N'GUAMAL', 47)
INSERT [COM].[MUNICIPIO] ([MUN_ID], [MUN_DESC], [DEP_ID]) VALUES (668, N'NUEVA GRANADA', 47)
INSERT [COM].[MUNICIPIO] ([MUN_ID], [MUN_DESC], [DEP_ID]) VALUES (669, N'PEDRAZA', 47)
INSERT [COM].[MUNICIPIO] ([MUN_ID], [MUN_DESC], [DEP_ID]) VALUES (670, N'PIJIÑO DEL CARMEN', 47)
INSERT [COM].[MUNICIPIO] ([MUN_ID], [MUN_DESC], [DEP_ID]) VALUES (671, N'PIVIJAY', 47)
INSERT [COM].[MUNICIPIO] ([MUN_ID], [MUN_DESC], [DEP_ID]) VALUES (672, N'PLATO', 47)
INSERT [COM].[MUNICIPIO] ([MUN_ID], [MUN_DESC], [DEP_ID]) VALUES (673, N'PUEBLOVIEJO', 47)
INSERT [COM].[MUNICIPIO] ([MUN_ID], [MUN_DESC], [DEP_ID]) VALUES (674, N'REMOLINO', 47)
INSERT [COM].[MUNICIPIO] ([MUN_ID], [MUN_DESC], [DEP_ID]) VALUES (675, N'SABANAS DE SAN ANGEL', 47)
INSERT [COM].[MUNICIPIO] ([MUN_ID], [MUN_DESC], [DEP_ID]) VALUES (676, N'SALAMINA', 47)
INSERT [COM].[MUNICIPIO] ([MUN_ID], [MUN_DESC], [DEP_ID]) VALUES (677, N'SAN SEBASTIAN DE BUENAVISTA', 47)
INSERT [COM].[MUNICIPIO] ([MUN_ID], [MUN_DESC], [DEP_ID]) VALUES (678, N'SAN ZENON', 47)
INSERT [COM].[MUNICIPIO] ([MUN_ID], [MUN_DESC], [DEP_ID]) VALUES (679, N'SANTA ANA', 47)
INSERT [COM].[MUNICIPIO] ([MUN_ID], [MUN_DESC], [DEP_ID]) VALUES (680, N'SANTA BARBARA DE PINTO', 47)
INSERT [COM].[MUNICIPIO] ([MUN_ID], [MUN_DESC], [DEP_ID]) VALUES (681, N'SITIONUEVO', 47)
INSERT [COM].[MUNICIPIO] ([MUN_ID], [MUN_DESC], [DEP_ID]) VALUES (682, N'TENERIFE', 47)
INSERT [COM].[MUNICIPIO] ([MUN_ID], [MUN_DESC], [DEP_ID]) VALUES (683, N'ZAPAYAN', 47)
INSERT [COM].[MUNICIPIO] ([MUN_ID], [MUN_DESC], [DEP_ID]) VALUES (684, N'ZONA BANANERA', 47)
INSERT [COM].[MUNICIPIO] ([MUN_ID], [MUN_DESC], [DEP_ID]) VALUES (685, N'VILLAVICENCIO', 50)
INSERT [COM].[MUNICIPIO] ([MUN_ID], [MUN_DESC], [DEP_ID]) VALUES (686, N'ACACIAS', 50)
INSERT [COM].[MUNICIPIO] ([MUN_ID], [MUN_DESC], [DEP_ID]) VALUES (687, N'BARRANCA DE UPIA', 50)
INSERT [COM].[MUNICIPIO] ([MUN_ID], [MUN_DESC], [DEP_ID]) VALUES (688, N'CABUYARO', 50)
INSERT [COM].[MUNICIPIO] ([MUN_ID], [MUN_DESC], [DEP_ID]) VALUES (689, N'CASTILLA LA NUEVA', 50)
INSERT [COM].[MUNICIPIO] ([MUN_ID], [MUN_DESC], [DEP_ID]) VALUES (690, N'CUBARRAL', 50)
INSERT [COM].[MUNICIPIO] ([MUN_ID], [MUN_DESC], [DEP_ID]) VALUES (691, N'CUMARAL', 50)
INSERT [COM].[MUNICIPIO] ([MUN_ID], [MUN_DESC], [DEP_ID]) VALUES (692, N'EL CALVARIO', 50)
INSERT [COM].[MUNICIPIO] ([MUN_ID], [MUN_DESC], [DEP_ID]) VALUES (693, N'EL CASTILLO', 50)
INSERT [COM].[MUNICIPIO] ([MUN_ID], [MUN_DESC], [DEP_ID]) VALUES (694, N'EL DORADO', 50)
INSERT [COM].[MUNICIPIO] ([MUN_ID], [MUN_DESC], [DEP_ID]) VALUES (695, N'FUENTE DE ORO', 50)
INSERT [COM].[MUNICIPIO] ([MUN_ID], [MUN_DESC], [DEP_ID]) VALUES (696, N'GRANADA', 50)
INSERT [COM].[MUNICIPIO] ([MUN_ID], [MUN_DESC], [DEP_ID]) VALUES (697, N'GUAMAL', 50)
INSERT [COM].[MUNICIPIO] ([MUN_ID], [MUN_DESC], [DEP_ID]) VALUES (698, N'MAPIRIPAN', 50)
INSERT [COM].[MUNICIPIO] ([MUN_ID], [MUN_DESC], [DEP_ID]) VALUES (699, N'MESETAS', 50)
GO
INSERT [COM].[MUNICIPIO] ([MUN_ID], [MUN_DESC], [DEP_ID]) VALUES (700, N'LA MACARENA', 50)
INSERT [COM].[MUNICIPIO] ([MUN_ID], [MUN_DESC], [DEP_ID]) VALUES (701, N'URIBE', 50)
INSERT [COM].[MUNICIPIO] ([MUN_ID], [MUN_DESC], [DEP_ID]) VALUES (702, N'LEJANIAS', 50)
INSERT [COM].[MUNICIPIO] ([MUN_ID], [MUN_DESC], [DEP_ID]) VALUES (703, N'PUERTO CONCORDIA', 50)
INSERT [COM].[MUNICIPIO] ([MUN_ID], [MUN_DESC], [DEP_ID]) VALUES (704, N'PUERTO GAITAN', 50)
INSERT [COM].[MUNICIPIO] ([MUN_ID], [MUN_DESC], [DEP_ID]) VALUES (705, N'PUERTO LOPEZ', 50)
INSERT [COM].[MUNICIPIO] ([MUN_ID], [MUN_DESC], [DEP_ID]) VALUES (706, N'PUERTO LLERAS', 50)
INSERT [COM].[MUNICIPIO] ([MUN_ID], [MUN_DESC], [DEP_ID]) VALUES (707, N'PUERTO RICO', 50)
INSERT [COM].[MUNICIPIO] ([MUN_ID], [MUN_DESC], [DEP_ID]) VALUES (708, N'RESTREPO', 50)
INSERT [COM].[MUNICIPIO] ([MUN_ID], [MUN_DESC], [DEP_ID]) VALUES (709, N'SAN CARLOS DE GUAROA', 50)
INSERT [COM].[MUNICIPIO] ([MUN_ID], [MUN_DESC], [DEP_ID]) VALUES (710, N'SAN JUAN DE ARAMA', 50)
INSERT [COM].[MUNICIPIO] ([MUN_ID], [MUN_DESC], [DEP_ID]) VALUES (711, N'SAN JUANITO', 50)
INSERT [COM].[MUNICIPIO] ([MUN_ID], [MUN_DESC], [DEP_ID]) VALUES (712, N'SAN MARTIN', 50)
INSERT [COM].[MUNICIPIO] ([MUN_ID], [MUN_DESC], [DEP_ID]) VALUES (713, N'VISTAHERMOSA', 50)
INSERT [COM].[MUNICIPIO] ([MUN_ID], [MUN_DESC], [DEP_ID]) VALUES (714, N'PASTO', 52)
INSERT [COM].[MUNICIPIO] ([MUN_ID], [MUN_DESC], [DEP_ID]) VALUES (715, N'ALBAN', 52)
INSERT [COM].[MUNICIPIO] ([MUN_ID], [MUN_DESC], [DEP_ID]) VALUES (716, N'ALDANA', 52)
INSERT [COM].[MUNICIPIO] ([MUN_ID], [MUN_DESC], [DEP_ID]) VALUES (717, N'ANCUYA', 52)
INSERT [COM].[MUNICIPIO] ([MUN_ID], [MUN_DESC], [DEP_ID]) VALUES (718, N'ARBOLEDA', 52)
INSERT [COM].[MUNICIPIO] ([MUN_ID], [MUN_DESC], [DEP_ID]) VALUES (719, N'BARBACOAS', 52)
INSERT [COM].[MUNICIPIO] ([MUN_ID], [MUN_DESC], [DEP_ID]) VALUES (720, N'BELEN', 52)
INSERT [COM].[MUNICIPIO] ([MUN_ID], [MUN_DESC], [DEP_ID]) VALUES (721, N'BUESACO', 52)
INSERT [COM].[MUNICIPIO] ([MUN_ID], [MUN_DESC], [DEP_ID]) VALUES (722, N'COLON', 52)
INSERT [COM].[MUNICIPIO] ([MUN_ID], [MUN_DESC], [DEP_ID]) VALUES (723, N'CONSACA', 52)
INSERT [COM].[MUNICIPIO] ([MUN_ID], [MUN_DESC], [DEP_ID]) VALUES (724, N'CONTADERO', 52)
INSERT [COM].[MUNICIPIO] ([MUN_ID], [MUN_DESC], [DEP_ID]) VALUES (725, N'CORDOBA', 52)
INSERT [COM].[MUNICIPIO] ([MUN_ID], [MUN_DESC], [DEP_ID]) VALUES (726, N'CUASPUD', 52)
INSERT [COM].[MUNICIPIO] ([MUN_ID], [MUN_DESC], [DEP_ID]) VALUES (727, N'CUMBAL', 52)
INSERT [COM].[MUNICIPIO] ([MUN_ID], [MUN_DESC], [DEP_ID]) VALUES (728, N'CUMBITARA', 52)
INSERT [COM].[MUNICIPIO] ([MUN_ID], [MUN_DESC], [DEP_ID]) VALUES (729, N'CHACHAGsI', 52)
INSERT [COM].[MUNICIPIO] ([MUN_ID], [MUN_DESC], [DEP_ID]) VALUES (730, N'EL CHARCO', 52)
INSERT [COM].[MUNICIPIO] ([MUN_ID], [MUN_DESC], [DEP_ID]) VALUES (731, N'EL PEÑOL', 52)
INSERT [COM].[MUNICIPIO] ([MUN_ID], [MUN_DESC], [DEP_ID]) VALUES (732, N'EL ROSARIO', 52)
INSERT [COM].[MUNICIPIO] ([MUN_ID], [MUN_DESC], [DEP_ID]) VALUES (733, N'EL TABLON DE GOMEZ', 52)
INSERT [COM].[MUNICIPIO] ([MUN_ID], [MUN_DESC], [DEP_ID]) VALUES (734, N'EL TAMBO', 52)
INSERT [COM].[MUNICIPIO] ([MUN_ID], [MUN_DESC], [DEP_ID]) VALUES (735, N'FUNES', 52)
INSERT [COM].[MUNICIPIO] ([MUN_ID], [MUN_DESC], [DEP_ID]) VALUES (736, N'GUACHUCAL', 52)
INSERT [COM].[MUNICIPIO] ([MUN_ID], [MUN_DESC], [DEP_ID]) VALUES (737, N'GUAITARILLA', 52)
INSERT [COM].[MUNICIPIO] ([MUN_ID], [MUN_DESC], [DEP_ID]) VALUES (738, N'GUALMATAN', 52)
INSERT [COM].[MUNICIPIO] ([MUN_ID], [MUN_DESC], [DEP_ID]) VALUES (739, N'ILES', 52)
INSERT [COM].[MUNICIPIO] ([MUN_ID], [MUN_DESC], [DEP_ID]) VALUES (740, N'IMUES', 52)
INSERT [COM].[MUNICIPIO] ([MUN_ID], [MUN_DESC], [DEP_ID]) VALUES (741, N'IPIALES', 52)
INSERT [COM].[MUNICIPIO] ([MUN_ID], [MUN_DESC], [DEP_ID]) VALUES (742, N'LA CRUZ', 52)
INSERT [COM].[MUNICIPIO] ([MUN_ID], [MUN_DESC], [DEP_ID]) VALUES (743, N'LA FLORIDA', 52)
INSERT [COM].[MUNICIPIO] ([MUN_ID], [MUN_DESC], [DEP_ID]) VALUES (744, N'LA LLANADA', 52)
INSERT [COM].[MUNICIPIO] ([MUN_ID], [MUN_DESC], [DEP_ID]) VALUES (745, N'LA TOLA', 52)
INSERT [COM].[MUNICIPIO] ([MUN_ID], [MUN_DESC], [DEP_ID]) VALUES (746, N'LA UNION', 52)
INSERT [COM].[MUNICIPIO] ([MUN_ID], [MUN_DESC], [DEP_ID]) VALUES (747, N'LEIVA', 52)
INSERT [COM].[MUNICIPIO] ([MUN_ID], [MUN_DESC], [DEP_ID]) VALUES (748, N'LINARES', 52)
INSERT [COM].[MUNICIPIO] ([MUN_ID], [MUN_DESC], [DEP_ID]) VALUES (749, N'LOS ANDES', 52)
INSERT [COM].[MUNICIPIO] ([MUN_ID], [MUN_DESC], [DEP_ID]) VALUES (750, N'MAGsI', 52)
INSERT [COM].[MUNICIPIO] ([MUN_ID], [MUN_DESC], [DEP_ID]) VALUES (751, N'MALLAMA', 52)
INSERT [COM].[MUNICIPIO] ([MUN_ID], [MUN_DESC], [DEP_ID]) VALUES (752, N'MOSQUERA', 52)
INSERT [COM].[MUNICIPIO] ([MUN_ID], [MUN_DESC], [DEP_ID]) VALUES (753, N'NARIÑO', 52)
INSERT [COM].[MUNICIPIO] ([MUN_ID], [MUN_DESC], [DEP_ID]) VALUES (754, N'OLAYA HERRERA', 52)
INSERT [COM].[MUNICIPIO] ([MUN_ID], [MUN_DESC], [DEP_ID]) VALUES (755, N'OSPINA', 52)
INSERT [COM].[MUNICIPIO] ([MUN_ID], [MUN_DESC], [DEP_ID]) VALUES (756, N'FRANCISCO PIZARRO', 52)
INSERT [COM].[MUNICIPIO] ([MUN_ID], [MUN_DESC], [DEP_ID]) VALUES (757, N'POLICARPA', 52)
INSERT [COM].[MUNICIPIO] ([MUN_ID], [MUN_DESC], [DEP_ID]) VALUES (758, N'POTOSI', 52)
INSERT [COM].[MUNICIPIO] ([MUN_ID], [MUN_DESC], [DEP_ID]) VALUES (759, N'PROVIDENCIA', 52)
INSERT [COM].[MUNICIPIO] ([MUN_ID], [MUN_DESC], [DEP_ID]) VALUES (760, N'PUERRES', 52)
INSERT [COM].[MUNICIPIO] ([MUN_ID], [MUN_DESC], [DEP_ID]) VALUES (761, N'PUPIALES', 52)
INSERT [COM].[MUNICIPIO] ([MUN_ID], [MUN_DESC], [DEP_ID]) VALUES (762, N'RICAURTE', 52)
INSERT [COM].[MUNICIPIO] ([MUN_ID], [MUN_DESC], [DEP_ID]) VALUES (763, N'ROBERTO PAYAN', 52)
INSERT [COM].[MUNICIPIO] ([MUN_ID], [MUN_DESC], [DEP_ID]) VALUES (764, N'SAMANIEGO', 52)
INSERT [COM].[MUNICIPIO] ([MUN_ID], [MUN_DESC], [DEP_ID]) VALUES (765, N'SANDONA', 52)
INSERT [COM].[MUNICIPIO] ([MUN_ID], [MUN_DESC], [DEP_ID]) VALUES (766, N'SAN BERNARDO', 52)
INSERT [COM].[MUNICIPIO] ([MUN_ID], [MUN_DESC], [DEP_ID]) VALUES (767, N'SAN LORENZO', 52)
INSERT [COM].[MUNICIPIO] ([MUN_ID], [MUN_DESC], [DEP_ID]) VALUES (768, N'SAN PABLO', 52)
INSERT [COM].[MUNICIPIO] ([MUN_ID], [MUN_DESC], [DEP_ID]) VALUES (769, N'SAN PEDRO DE CARTAGO', 52)
INSERT [COM].[MUNICIPIO] ([MUN_ID], [MUN_DESC], [DEP_ID]) VALUES (770, N'SANTA BARBARA', 52)
INSERT [COM].[MUNICIPIO] ([MUN_ID], [MUN_DESC], [DEP_ID]) VALUES (771, N'SANTACRUZ', 52)
INSERT [COM].[MUNICIPIO] ([MUN_ID], [MUN_DESC], [DEP_ID]) VALUES (772, N'SAPUYES', 52)
INSERT [COM].[MUNICIPIO] ([MUN_ID], [MUN_DESC], [DEP_ID]) VALUES (773, N'TAMINANGO', 52)
INSERT [COM].[MUNICIPIO] ([MUN_ID], [MUN_DESC], [DEP_ID]) VALUES (774, N'TANGUA', 52)
INSERT [COM].[MUNICIPIO] ([MUN_ID], [MUN_DESC], [DEP_ID]) VALUES (775, N'SAN ANDRES DE TUMACO', 52)
INSERT [COM].[MUNICIPIO] ([MUN_ID], [MUN_DESC], [DEP_ID]) VALUES (776, N'TUQUERRES', 52)
INSERT [COM].[MUNICIPIO] ([MUN_ID], [MUN_DESC], [DEP_ID]) VALUES (777, N'YACUANQUER', 52)
INSERT [COM].[MUNICIPIO] ([MUN_ID], [MUN_DESC], [DEP_ID]) VALUES (778, N'CUCUTA', 54)
INSERT [COM].[MUNICIPIO] ([MUN_ID], [MUN_DESC], [DEP_ID]) VALUES (779, N'ABREGO', 54)
INSERT [COM].[MUNICIPIO] ([MUN_ID], [MUN_DESC], [DEP_ID]) VALUES (780, N'ARBOLEDAS', 54)
INSERT [COM].[MUNICIPIO] ([MUN_ID], [MUN_DESC], [DEP_ID]) VALUES (781, N'BOCHALEMA', 54)
INSERT [COM].[MUNICIPIO] ([MUN_ID], [MUN_DESC], [DEP_ID]) VALUES (782, N'BUCARASICA', 54)
INSERT [COM].[MUNICIPIO] ([MUN_ID], [MUN_DESC], [DEP_ID]) VALUES (783, N'CACOTA', 54)
INSERT [COM].[MUNICIPIO] ([MUN_ID], [MUN_DESC], [DEP_ID]) VALUES (784, N'CACHIRA', 54)
INSERT [COM].[MUNICIPIO] ([MUN_ID], [MUN_DESC], [DEP_ID]) VALUES (785, N'CHINACOTA', 54)
INSERT [COM].[MUNICIPIO] ([MUN_ID], [MUN_DESC], [DEP_ID]) VALUES (786, N'CHITAGA', 54)
INSERT [COM].[MUNICIPIO] ([MUN_ID], [MUN_DESC], [DEP_ID]) VALUES (787, N'CONVENCION', 54)
INSERT [COM].[MUNICIPIO] ([MUN_ID], [MUN_DESC], [DEP_ID]) VALUES (788, N'CUCUTILLA', 54)
INSERT [COM].[MUNICIPIO] ([MUN_ID], [MUN_DESC], [DEP_ID]) VALUES (789, N'DURANIA', 54)
INSERT [COM].[MUNICIPIO] ([MUN_ID], [MUN_DESC], [DEP_ID]) VALUES (790, N'EL CARMEN', 54)
INSERT [COM].[MUNICIPIO] ([MUN_ID], [MUN_DESC], [DEP_ID]) VALUES (791, N'EL TARRA', 54)
INSERT [COM].[MUNICIPIO] ([MUN_ID], [MUN_DESC], [DEP_ID]) VALUES (792, N'EL ZULIA', 54)
INSERT [COM].[MUNICIPIO] ([MUN_ID], [MUN_DESC], [DEP_ID]) VALUES (793, N'GRAMALOTE', 54)
INSERT [COM].[MUNICIPIO] ([MUN_ID], [MUN_DESC], [DEP_ID]) VALUES (794, N'HACARI', 54)
INSERT [COM].[MUNICIPIO] ([MUN_ID], [MUN_DESC], [DEP_ID]) VALUES (795, N'HERRAN', 54)
INSERT [COM].[MUNICIPIO] ([MUN_ID], [MUN_DESC], [DEP_ID]) VALUES (796, N'LABATECA', 54)
INSERT [COM].[MUNICIPIO] ([MUN_ID], [MUN_DESC], [DEP_ID]) VALUES (797, N'LA ESPERANZA', 54)
INSERT [COM].[MUNICIPIO] ([MUN_ID], [MUN_DESC], [DEP_ID]) VALUES (798, N'LA PLAYA', 54)
INSERT [COM].[MUNICIPIO] ([MUN_ID], [MUN_DESC], [DEP_ID]) VALUES (799, N'LOS PATIOS', 54)
GO
INSERT [COM].[MUNICIPIO] ([MUN_ID], [MUN_DESC], [DEP_ID]) VALUES (800, N'LOURDES', 54)
INSERT [COM].[MUNICIPIO] ([MUN_ID], [MUN_DESC], [DEP_ID]) VALUES (801, N'MUTISCUA', 54)
INSERT [COM].[MUNICIPIO] ([MUN_ID], [MUN_DESC], [DEP_ID]) VALUES (802, N'OCAÑA', 54)
INSERT [COM].[MUNICIPIO] ([MUN_ID], [MUN_DESC], [DEP_ID]) VALUES (803, N'PAMPLONA', 54)
INSERT [COM].[MUNICIPIO] ([MUN_ID], [MUN_DESC], [DEP_ID]) VALUES (804, N'PAMPLONITA', 54)
INSERT [COM].[MUNICIPIO] ([MUN_ID], [MUN_DESC], [DEP_ID]) VALUES (805, N'PUERTO SANTANDER', 54)
INSERT [COM].[MUNICIPIO] ([MUN_ID], [MUN_DESC], [DEP_ID]) VALUES (806, N'RAGONVALIA', 54)
INSERT [COM].[MUNICIPIO] ([MUN_ID], [MUN_DESC], [DEP_ID]) VALUES (807, N'SALAZAR', 54)
INSERT [COM].[MUNICIPIO] ([MUN_ID], [MUN_DESC], [DEP_ID]) VALUES (808, N'SAN CALIXTO', 54)
INSERT [COM].[MUNICIPIO] ([MUN_ID], [MUN_DESC], [DEP_ID]) VALUES (809, N'SAN CAYETANO', 54)
INSERT [COM].[MUNICIPIO] ([MUN_ID], [MUN_DESC], [DEP_ID]) VALUES (810, N'SANTIAGO', 54)
INSERT [COM].[MUNICIPIO] ([MUN_ID], [MUN_DESC], [DEP_ID]) VALUES (811, N'SARDINATA', 54)
INSERT [COM].[MUNICIPIO] ([MUN_ID], [MUN_DESC], [DEP_ID]) VALUES (812, N'SILOS', 54)
INSERT [COM].[MUNICIPIO] ([MUN_ID], [MUN_DESC], [DEP_ID]) VALUES (813, N'TEORAMA', 54)
INSERT [COM].[MUNICIPIO] ([MUN_ID], [MUN_DESC], [DEP_ID]) VALUES (814, N'TIBU', 54)
INSERT [COM].[MUNICIPIO] ([MUN_ID], [MUN_DESC], [DEP_ID]) VALUES (815, N'TOLEDO', 54)
INSERT [COM].[MUNICIPIO] ([MUN_ID], [MUN_DESC], [DEP_ID]) VALUES (816, N'VILLA CARO', 54)
INSERT [COM].[MUNICIPIO] ([MUN_ID], [MUN_DESC], [DEP_ID]) VALUES (817, N'VILLA DEL ROSARIO', 54)
INSERT [COM].[MUNICIPIO] ([MUN_ID], [MUN_DESC], [DEP_ID]) VALUES (818, N'ARMENIA', 63)
INSERT [COM].[MUNICIPIO] ([MUN_ID], [MUN_DESC], [DEP_ID]) VALUES (819, N'BUENAVISTA', 63)
INSERT [COM].[MUNICIPIO] ([MUN_ID], [MUN_DESC], [DEP_ID]) VALUES (820, N'CALARCA', 63)
INSERT [COM].[MUNICIPIO] ([MUN_ID], [MUN_DESC], [DEP_ID]) VALUES (821, N'CIRCASIA', 63)
INSERT [COM].[MUNICIPIO] ([MUN_ID], [MUN_DESC], [DEP_ID]) VALUES (822, N'CORDOBA', 63)
INSERT [COM].[MUNICIPIO] ([MUN_ID], [MUN_DESC], [DEP_ID]) VALUES (823, N'FILANDIA', 63)
INSERT [COM].[MUNICIPIO] ([MUN_ID], [MUN_DESC], [DEP_ID]) VALUES (824, N'GENOVA', 63)
INSERT [COM].[MUNICIPIO] ([MUN_ID], [MUN_DESC], [DEP_ID]) VALUES (825, N'LA TEBAIDA', 63)
INSERT [COM].[MUNICIPIO] ([MUN_ID], [MUN_DESC], [DEP_ID]) VALUES (826, N'MONTENEGRO', 63)
INSERT [COM].[MUNICIPIO] ([MUN_ID], [MUN_DESC], [DEP_ID]) VALUES (827, N'PIJAO', 63)
INSERT [COM].[MUNICIPIO] ([MUN_ID], [MUN_DESC], [DEP_ID]) VALUES (828, N'QUIMBAYA', 63)
INSERT [COM].[MUNICIPIO] ([MUN_ID], [MUN_DESC], [DEP_ID]) VALUES (829, N'SALENTO', 63)
INSERT [COM].[MUNICIPIO] ([MUN_ID], [MUN_DESC], [DEP_ID]) VALUES (830, N'PEREIRA', 66)
INSERT [COM].[MUNICIPIO] ([MUN_ID], [MUN_DESC], [DEP_ID]) VALUES (831, N'APIA', 66)
INSERT [COM].[MUNICIPIO] ([MUN_ID], [MUN_DESC], [DEP_ID]) VALUES (832, N'BALBOA', 66)
INSERT [COM].[MUNICIPIO] ([MUN_ID], [MUN_DESC], [DEP_ID]) VALUES (833, N'BELEN DE UMBRIA', 66)
INSERT [COM].[MUNICIPIO] ([MUN_ID], [MUN_DESC], [DEP_ID]) VALUES (834, N'DOSQUEBRADAS', 66)
INSERT [COM].[MUNICIPIO] ([MUN_ID], [MUN_DESC], [DEP_ID]) VALUES (835, N'GUATICA', 66)
INSERT [COM].[MUNICIPIO] ([MUN_ID], [MUN_DESC], [DEP_ID]) VALUES (836, N'LA CELIA', 66)
INSERT [COM].[MUNICIPIO] ([MUN_ID], [MUN_DESC], [DEP_ID]) VALUES (837, N'LA VIRGINIA', 66)
INSERT [COM].[MUNICIPIO] ([MUN_ID], [MUN_DESC], [DEP_ID]) VALUES (838, N'MARSELLA', 66)
INSERT [COM].[MUNICIPIO] ([MUN_ID], [MUN_DESC], [DEP_ID]) VALUES (839, N'MISTRATO', 66)
INSERT [COM].[MUNICIPIO] ([MUN_ID], [MUN_DESC], [DEP_ID]) VALUES (840, N'PUEBLO RICO', 66)
INSERT [COM].[MUNICIPIO] ([MUN_ID], [MUN_DESC], [DEP_ID]) VALUES (841, N'QUINCHIA', 66)
INSERT [COM].[MUNICIPIO] ([MUN_ID], [MUN_DESC], [DEP_ID]) VALUES (842, N'SANTA ROSA DE CABAL', 66)
INSERT [COM].[MUNICIPIO] ([MUN_ID], [MUN_DESC], [DEP_ID]) VALUES (843, N'SANTUARIO', 66)
INSERT [COM].[MUNICIPIO] ([MUN_ID], [MUN_DESC], [DEP_ID]) VALUES (844, N'BUCARAMANGA', 68)
INSERT [COM].[MUNICIPIO] ([MUN_ID], [MUN_DESC], [DEP_ID]) VALUES (845, N'AGUADA', 68)
INSERT [COM].[MUNICIPIO] ([MUN_ID], [MUN_DESC], [DEP_ID]) VALUES (846, N'ALBANIA', 68)
INSERT [COM].[MUNICIPIO] ([MUN_ID], [MUN_DESC], [DEP_ID]) VALUES (847, N'ARATOCA', 68)
INSERT [COM].[MUNICIPIO] ([MUN_ID], [MUN_DESC], [DEP_ID]) VALUES (848, N'BARBOSA', 68)
INSERT [COM].[MUNICIPIO] ([MUN_ID], [MUN_DESC], [DEP_ID]) VALUES (849, N'BARICHARA', 68)
INSERT [COM].[MUNICIPIO] ([MUN_ID], [MUN_DESC], [DEP_ID]) VALUES (850, N'BARRANCABERMEJA', 68)
INSERT [COM].[MUNICIPIO] ([MUN_ID], [MUN_DESC], [DEP_ID]) VALUES (851, N'BETULIA', 68)
INSERT [COM].[MUNICIPIO] ([MUN_ID], [MUN_DESC], [DEP_ID]) VALUES (852, N'BOLIVAR', 68)
INSERT [COM].[MUNICIPIO] ([MUN_ID], [MUN_DESC], [DEP_ID]) VALUES (853, N'CABRERA', 68)
INSERT [COM].[MUNICIPIO] ([MUN_ID], [MUN_DESC], [DEP_ID]) VALUES (854, N'CALIFORNIA', 68)
INSERT [COM].[MUNICIPIO] ([MUN_ID], [MUN_DESC], [DEP_ID]) VALUES (855, N'CAPITANEJO', 68)
INSERT [COM].[MUNICIPIO] ([MUN_ID], [MUN_DESC], [DEP_ID]) VALUES (856, N'CARCASI', 68)
INSERT [COM].[MUNICIPIO] ([MUN_ID], [MUN_DESC], [DEP_ID]) VALUES (857, N'CEPITA', 68)
INSERT [COM].[MUNICIPIO] ([MUN_ID], [MUN_DESC], [DEP_ID]) VALUES (858, N'CERRITO', 68)
INSERT [COM].[MUNICIPIO] ([MUN_ID], [MUN_DESC], [DEP_ID]) VALUES (859, N'CHARALA', 68)
INSERT [COM].[MUNICIPIO] ([MUN_ID], [MUN_DESC], [DEP_ID]) VALUES (860, N'CHARTA', 68)
INSERT [COM].[MUNICIPIO] ([MUN_ID], [MUN_DESC], [DEP_ID]) VALUES (861, N'CHIMA', 68)
INSERT [COM].[MUNICIPIO] ([MUN_ID], [MUN_DESC], [DEP_ID]) VALUES (862, N'CHIPATA', 68)
INSERT [COM].[MUNICIPIO] ([MUN_ID], [MUN_DESC], [DEP_ID]) VALUES (863, N'CIMITARRA', 68)
INSERT [COM].[MUNICIPIO] ([MUN_ID], [MUN_DESC], [DEP_ID]) VALUES (864, N'CONCEPCION', 68)
INSERT [COM].[MUNICIPIO] ([MUN_ID], [MUN_DESC], [DEP_ID]) VALUES (865, N'CONFINES', 68)
INSERT [COM].[MUNICIPIO] ([MUN_ID], [MUN_DESC], [DEP_ID]) VALUES (866, N'CONTRATACION', 68)
INSERT [COM].[MUNICIPIO] ([MUN_ID], [MUN_DESC], [DEP_ID]) VALUES (867, N'COROMORO', 68)
INSERT [COM].[MUNICIPIO] ([MUN_ID], [MUN_DESC], [DEP_ID]) VALUES (868, N'CURITI', 68)
INSERT [COM].[MUNICIPIO] ([MUN_ID], [MUN_DESC], [DEP_ID]) VALUES (869, N'EL CARMEN DE CHUCURI', 68)
INSERT [COM].[MUNICIPIO] ([MUN_ID], [MUN_DESC], [DEP_ID]) VALUES (870, N'EL GUACAMAYO', 68)
INSERT [COM].[MUNICIPIO] ([MUN_ID], [MUN_DESC], [DEP_ID]) VALUES (871, N'EL PEÑON', 68)
INSERT [COM].[MUNICIPIO] ([MUN_ID], [MUN_DESC], [DEP_ID]) VALUES (872, N'EL PLAYON', 68)
INSERT [COM].[MUNICIPIO] ([MUN_ID], [MUN_DESC], [DEP_ID]) VALUES (873, N'ENCINO', 68)
INSERT [COM].[MUNICIPIO] ([MUN_ID], [MUN_DESC], [DEP_ID]) VALUES (874, N'ENCISO', 68)
INSERT [COM].[MUNICIPIO] ([MUN_ID], [MUN_DESC], [DEP_ID]) VALUES (875, N'FLORIAN', 68)
INSERT [COM].[MUNICIPIO] ([MUN_ID], [MUN_DESC], [DEP_ID]) VALUES (876, N'FLORIDABLANCA', 68)
INSERT [COM].[MUNICIPIO] ([MUN_ID], [MUN_DESC], [DEP_ID]) VALUES (877, N'GALAN', 68)
INSERT [COM].[MUNICIPIO] ([MUN_ID], [MUN_DESC], [DEP_ID]) VALUES (878, N'GAMBITA', 68)
INSERT [COM].[MUNICIPIO] ([MUN_ID], [MUN_DESC], [DEP_ID]) VALUES (879, N'GIRON', 68)
INSERT [COM].[MUNICIPIO] ([MUN_ID], [MUN_DESC], [DEP_ID]) VALUES (880, N'GUACA', 68)
INSERT [COM].[MUNICIPIO] ([MUN_ID], [MUN_DESC], [DEP_ID]) VALUES (881, N'GUADALUPE', 68)
INSERT [COM].[MUNICIPIO] ([MUN_ID], [MUN_DESC], [DEP_ID]) VALUES (882, N'GUAPOTA', 68)
INSERT [COM].[MUNICIPIO] ([MUN_ID], [MUN_DESC], [DEP_ID]) VALUES (883, N'GUAVATA', 68)
INSERT [COM].[MUNICIPIO] ([MUN_ID], [MUN_DESC], [DEP_ID]) VALUES (884, N'GsEPSA', 68)
INSERT [COM].[MUNICIPIO] ([MUN_ID], [MUN_DESC], [DEP_ID]) VALUES (885, N'HATO', 68)
INSERT [COM].[MUNICIPIO] ([MUN_ID], [MUN_DESC], [DEP_ID]) VALUES (886, N'JESUS MARIA', 68)
INSERT [COM].[MUNICIPIO] ([MUN_ID], [MUN_DESC], [DEP_ID]) VALUES (887, N'JORDAN', 68)
INSERT [COM].[MUNICIPIO] ([MUN_ID], [MUN_DESC], [DEP_ID]) VALUES (888, N'LA BELLEZA', 68)
INSERT [COM].[MUNICIPIO] ([MUN_ID], [MUN_DESC], [DEP_ID]) VALUES (889, N'LANDAZURI', 68)
INSERT [COM].[MUNICIPIO] ([MUN_ID], [MUN_DESC], [DEP_ID]) VALUES (890, N'LA PAZ', 68)
INSERT [COM].[MUNICIPIO] ([MUN_ID], [MUN_DESC], [DEP_ID]) VALUES (891, N'LEBRIJA', 68)
INSERT [COM].[MUNICIPIO] ([MUN_ID], [MUN_DESC], [DEP_ID]) VALUES (892, N'LOS SANTOS', 68)
INSERT [COM].[MUNICIPIO] ([MUN_ID], [MUN_DESC], [DEP_ID]) VALUES (893, N'MACARAVITA', 68)
INSERT [COM].[MUNICIPIO] ([MUN_ID], [MUN_DESC], [DEP_ID]) VALUES (894, N'MALAGA', 68)
INSERT [COM].[MUNICIPIO] ([MUN_ID], [MUN_DESC], [DEP_ID]) VALUES (895, N'MATANZA', 68)
INSERT [COM].[MUNICIPIO] ([MUN_ID], [MUN_DESC], [DEP_ID]) VALUES (896, N'MOGOTES', 68)
INSERT [COM].[MUNICIPIO] ([MUN_ID], [MUN_DESC], [DEP_ID]) VALUES (897, N'MOLAGAVITA', 68)
INSERT [COM].[MUNICIPIO] ([MUN_ID], [MUN_DESC], [DEP_ID]) VALUES (898, N'OCAMONTE', 68)
INSERT [COM].[MUNICIPIO] ([MUN_ID], [MUN_DESC], [DEP_ID]) VALUES (899, N'OIBA', 68)
GO
INSERT [COM].[MUNICIPIO] ([MUN_ID], [MUN_DESC], [DEP_ID]) VALUES (900, N'ONZAGA', 68)
INSERT [COM].[MUNICIPIO] ([MUN_ID], [MUN_DESC], [DEP_ID]) VALUES (901, N'PALMAR', 68)
INSERT [COM].[MUNICIPIO] ([MUN_ID], [MUN_DESC], [DEP_ID]) VALUES (902, N'PALMAS DEL SOCORRO', 68)
INSERT [COM].[MUNICIPIO] ([MUN_ID], [MUN_DESC], [DEP_ID]) VALUES (903, N'PARAMO', 68)
INSERT [COM].[MUNICIPIO] ([MUN_ID], [MUN_DESC], [DEP_ID]) VALUES (904, N'PIEDECUESTA', 68)
INSERT [COM].[MUNICIPIO] ([MUN_ID], [MUN_DESC], [DEP_ID]) VALUES (905, N'PINCHOTE', 68)
INSERT [COM].[MUNICIPIO] ([MUN_ID], [MUN_DESC], [DEP_ID]) VALUES (906, N'PUENTE NACIONAL', 68)
INSERT [COM].[MUNICIPIO] ([MUN_ID], [MUN_DESC], [DEP_ID]) VALUES (907, N'PUERTO PARRA', 68)
INSERT [COM].[MUNICIPIO] ([MUN_ID], [MUN_DESC], [DEP_ID]) VALUES (908, N'PUERTO WILCHES', 68)
INSERT [COM].[MUNICIPIO] ([MUN_ID], [MUN_DESC], [DEP_ID]) VALUES (909, N'RIONEGRO', 68)
INSERT [COM].[MUNICIPIO] ([MUN_ID], [MUN_DESC], [DEP_ID]) VALUES (910, N'SABANA DE TORRES', 68)
INSERT [COM].[MUNICIPIO] ([MUN_ID], [MUN_DESC], [DEP_ID]) VALUES (911, N'SAN ANDRES', 68)
INSERT [COM].[MUNICIPIO] ([MUN_ID], [MUN_DESC], [DEP_ID]) VALUES (912, N'SAN BENITO', 68)
INSERT [COM].[MUNICIPIO] ([MUN_ID], [MUN_DESC], [DEP_ID]) VALUES (913, N'SAN GIL', 68)
INSERT [COM].[MUNICIPIO] ([MUN_ID], [MUN_DESC], [DEP_ID]) VALUES (914, N'SAN JOAQUIN', 68)
INSERT [COM].[MUNICIPIO] ([MUN_ID], [MUN_DESC], [DEP_ID]) VALUES (915, N'SAN JOSE DE MIRANDA', 68)
INSERT [COM].[MUNICIPIO] ([MUN_ID], [MUN_DESC], [DEP_ID]) VALUES (916, N'SAN MIGUEL', 68)
INSERT [COM].[MUNICIPIO] ([MUN_ID], [MUN_DESC], [DEP_ID]) VALUES (917, N'SAN VICENTE DE CHUCURI', 68)
INSERT [COM].[MUNICIPIO] ([MUN_ID], [MUN_DESC], [DEP_ID]) VALUES (918, N'SANTA BARBARA', 68)
INSERT [COM].[MUNICIPIO] ([MUN_ID], [MUN_DESC], [DEP_ID]) VALUES (919, N'SANTA HELENA DEL OPON', 68)
INSERT [COM].[MUNICIPIO] ([MUN_ID], [MUN_DESC], [DEP_ID]) VALUES (920, N'SIMACOTA', 68)
INSERT [COM].[MUNICIPIO] ([MUN_ID], [MUN_DESC], [DEP_ID]) VALUES (921, N'SOCORRO', 68)
INSERT [COM].[MUNICIPIO] ([MUN_ID], [MUN_DESC], [DEP_ID]) VALUES (922, N'SUAITA', 68)
INSERT [COM].[MUNICIPIO] ([MUN_ID], [MUN_DESC], [DEP_ID]) VALUES (923, N'SUCRE', 68)
INSERT [COM].[MUNICIPIO] ([MUN_ID], [MUN_DESC], [DEP_ID]) VALUES (924, N'SURATA', 68)
INSERT [COM].[MUNICIPIO] ([MUN_ID], [MUN_DESC], [DEP_ID]) VALUES (925, N'TONA', 68)
INSERT [COM].[MUNICIPIO] ([MUN_ID], [MUN_DESC], [DEP_ID]) VALUES (926, N'VALLE DE SAN JOSE', 68)
INSERT [COM].[MUNICIPIO] ([MUN_ID], [MUN_DESC], [DEP_ID]) VALUES (927, N'VELEZ', 68)
INSERT [COM].[MUNICIPIO] ([MUN_ID], [MUN_DESC], [DEP_ID]) VALUES (928, N'VETAS', 68)
INSERT [COM].[MUNICIPIO] ([MUN_ID], [MUN_DESC], [DEP_ID]) VALUES (929, N'VILLANUEVA', 68)
INSERT [COM].[MUNICIPIO] ([MUN_ID], [MUN_DESC], [DEP_ID]) VALUES (930, N'ZAPATOCA', 68)
INSERT [COM].[MUNICIPIO] ([MUN_ID], [MUN_DESC], [DEP_ID]) VALUES (931, N'SINCELEJO', 70)
INSERT [COM].[MUNICIPIO] ([MUN_ID], [MUN_DESC], [DEP_ID]) VALUES (932, N'BUENAVISTA', 70)
INSERT [COM].[MUNICIPIO] ([MUN_ID], [MUN_DESC], [DEP_ID]) VALUES (933, N'CAIMITO', 70)
INSERT [COM].[MUNICIPIO] ([MUN_ID], [MUN_DESC], [DEP_ID]) VALUES (934, N'COLOSO', 70)
INSERT [COM].[MUNICIPIO] ([MUN_ID], [MUN_DESC], [DEP_ID]) VALUES (935, N'COROZAL', 70)
INSERT [COM].[MUNICIPIO] ([MUN_ID], [MUN_DESC], [DEP_ID]) VALUES (936, N'COVEÑAS', 70)
INSERT [COM].[MUNICIPIO] ([MUN_ID], [MUN_DESC], [DEP_ID]) VALUES (937, N'CHALAN', 70)
INSERT [COM].[MUNICIPIO] ([MUN_ID], [MUN_DESC], [DEP_ID]) VALUES (938, N'EL ROBLE', 70)
INSERT [COM].[MUNICIPIO] ([MUN_ID], [MUN_DESC], [DEP_ID]) VALUES (939, N'GALERAS', 70)
INSERT [COM].[MUNICIPIO] ([MUN_ID], [MUN_DESC], [DEP_ID]) VALUES (940, N'GUARANDA', 70)
INSERT [COM].[MUNICIPIO] ([MUN_ID], [MUN_DESC], [DEP_ID]) VALUES (941, N'LA UNION', 70)
INSERT [COM].[MUNICIPIO] ([MUN_ID], [MUN_DESC], [DEP_ID]) VALUES (942, N'LOS PALMITOS', 70)
INSERT [COM].[MUNICIPIO] ([MUN_ID], [MUN_DESC], [DEP_ID]) VALUES (943, N'MAJAGUAL', 70)
INSERT [COM].[MUNICIPIO] ([MUN_ID], [MUN_DESC], [DEP_ID]) VALUES (944, N'MORROA', 70)
INSERT [COM].[MUNICIPIO] ([MUN_ID], [MUN_DESC], [DEP_ID]) VALUES (945, N'OVEJAS', 70)
INSERT [COM].[MUNICIPIO] ([MUN_ID], [MUN_DESC], [DEP_ID]) VALUES (946, N'PALMITO', 70)
INSERT [COM].[MUNICIPIO] ([MUN_ID], [MUN_DESC], [DEP_ID]) VALUES (947, N'SAMPUES', 70)
INSERT [COM].[MUNICIPIO] ([MUN_ID], [MUN_DESC], [DEP_ID]) VALUES (948, N'SAN BENITO ABAD', 70)
INSERT [COM].[MUNICIPIO] ([MUN_ID], [MUN_DESC], [DEP_ID]) VALUES (949, N'SAN JUAN DE BETULIA', 70)
INSERT [COM].[MUNICIPIO] ([MUN_ID], [MUN_DESC], [DEP_ID]) VALUES (950, N'SAN MARCOS', 70)
INSERT [COM].[MUNICIPIO] ([MUN_ID], [MUN_DESC], [DEP_ID]) VALUES (951, N'SAN ONOFRE', 70)
INSERT [COM].[MUNICIPIO] ([MUN_ID], [MUN_DESC], [DEP_ID]) VALUES (952, N'SAN PEDRO', 70)
INSERT [COM].[MUNICIPIO] ([MUN_ID], [MUN_DESC], [DEP_ID]) VALUES (953, N'SAN LUIS DE SINCE', 70)
INSERT [COM].[MUNICIPIO] ([MUN_ID], [MUN_DESC], [DEP_ID]) VALUES (954, N'SUCRE', 70)
INSERT [COM].[MUNICIPIO] ([MUN_ID], [MUN_DESC], [DEP_ID]) VALUES (955, N'SANTIAGO DE TOLU', 70)
INSERT [COM].[MUNICIPIO] ([MUN_ID], [MUN_DESC], [DEP_ID]) VALUES (956, N'TOLU VIEJO', 70)
INSERT [COM].[MUNICIPIO] ([MUN_ID], [MUN_DESC], [DEP_ID]) VALUES (957, N'IBAGUE', 73)
INSERT [COM].[MUNICIPIO] ([MUN_ID], [MUN_DESC], [DEP_ID]) VALUES (958, N'ALPUJARRA', 73)
INSERT [COM].[MUNICIPIO] ([MUN_ID], [MUN_DESC], [DEP_ID]) VALUES (959, N'ALVARADO', 73)
INSERT [COM].[MUNICIPIO] ([MUN_ID], [MUN_DESC], [DEP_ID]) VALUES (960, N'AMBALEMA', 73)
INSERT [COM].[MUNICIPIO] ([MUN_ID], [MUN_DESC], [DEP_ID]) VALUES (961, N'ANZOATEGUI', 73)
INSERT [COM].[MUNICIPIO] ([MUN_ID], [MUN_DESC], [DEP_ID]) VALUES (962, N'ARMERO', 73)
INSERT [COM].[MUNICIPIO] ([MUN_ID], [MUN_DESC], [DEP_ID]) VALUES (963, N'ATACO', 73)
INSERT [COM].[MUNICIPIO] ([MUN_ID], [MUN_DESC], [DEP_ID]) VALUES (964, N'CAJAMARCA', 73)
INSERT [COM].[MUNICIPIO] ([MUN_ID], [MUN_DESC], [DEP_ID]) VALUES (965, N'CARMEN DE APICALA', 73)
INSERT [COM].[MUNICIPIO] ([MUN_ID], [MUN_DESC], [DEP_ID]) VALUES (966, N'CASABIANCA', 73)
INSERT [COM].[MUNICIPIO] ([MUN_ID], [MUN_DESC], [DEP_ID]) VALUES (967, N'CHAPARRAL', 73)
INSERT [COM].[MUNICIPIO] ([MUN_ID], [MUN_DESC], [DEP_ID]) VALUES (968, N'COELLO', 73)
INSERT [COM].[MUNICIPIO] ([MUN_ID], [MUN_DESC], [DEP_ID]) VALUES (969, N'COYAIMA', 73)
INSERT [COM].[MUNICIPIO] ([MUN_ID], [MUN_DESC], [DEP_ID]) VALUES (970, N'CUNDAY', 73)
INSERT [COM].[MUNICIPIO] ([MUN_ID], [MUN_DESC], [DEP_ID]) VALUES (971, N'DOLORES', 73)
INSERT [COM].[MUNICIPIO] ([MUN_ID], [MUN_DESC], [DEP_ID]) VALUES (972, N'ESPINAL', 73)
INSERT [COM].[MUNICIPIO] ([MUN_ID], [MUN_DESC], [DEP_ID]) VALUES (973, N'FALAN', 73)
INSERT [COM].[MUNICIPIO] ([MUN_ID], [MUN_DESC], [DEP_ID]) VALUES (974, N'FLANDES', 73)
INSERT [COM].[MUNICIPIO] ([MUN_ID], [MUN_DESC], [DEP_ID]) VALUES (975, N'FRESNO', 73)
INSERT [COM].[MUNICIPIO] ([MUN_ID], [MUN_DESC], [DEP_ID]) VALUES (976, N'GUAMO', 73)
INSERT [COM].[MUNICIPIO] ([MUN_ID], [MUN_DESC], [DEP_ID]) VALUES (977, N'HERVEO', 73)
INSERT [COM].[MUNICIPIO] ([MUN_ID], [MUN_DESC], [DEP_ID]) VALUES (978, N'HONDA', 73)
INSERT [COM].[MUNICIPIO] ([MUN_ID], [MUN_DESC], [DEP_ID]) VALUES (979, N'ICONONZO', 73)
INSERT [COM].[MUNICIPIO] ([MUN_ID], [MUN_DESC], [DEP_ID]) VALUES (980, N'LERIDA', 73)
INSERT [COM].[MUNICIPIO] ([MUN_ID], [MUN_DESC], [DEP_ID]) VALUES (981, N'LIBANO', 73)
INSERT [COM].[MUNICIPIO] ([MUN_ID], [MUN_DESC], [DEP_ID]) VALUES (982, N'MARIQUITA', 73)
INSERT [COM].[MUNICIPIO] ([MUN_ID], [MUN_DESC], [DEP_ID]) VALUES (983, N'MELGAR', 73)
INSERT [COM].[MUNICIPIO] ([MUN_ID], [MUN_DESC], [DEP_ID]) VALUES (984, N'MURILLO', 73)
INSERT [COM].[MUNICIPIO] ([MUN_ID], [MUN_DESC], [DEP_ID]) VALUES (985, N'NATAGAIMA', 73)
INSERT [COM].[MUNICIPIO] ([MUN_ID], [MUN_DESC], [DEP_ID]) VALUES (986, N'ORTEGA', 73)
INSERT [COM].[MUNICIPIO] ([MUN_ID], [MUN_DESC], [DEP_ID]) VALUES (987, N'PALOCABILDO', 73)
INSERT [COM].[MUNICIPIO] ([MUN_ID], [MUN_DESC], [DEP_ID]) VALUES (988, N'PIEDRAS', 73)
INSERT [COM].[MUNICIPIO] ([MUN_ID], [MUN_DESC], [DEP_ID]) VALUES (989, N'PLANADAS', 73)
INSERT [COM].[MUNICIPIO] ([MUN_ID], [MUN_DESC], [DEP_ID]) VALUES (990, N'PRADO', 73)
INSERT [COM].[MUNICIPIO] ([MUN_ID], [MUN_DESC], [DEP_ID]) VALUES (991, N'PURIFICACION', 73)
INSERT [COM].[MUNICIPIO] ([MUN_ID], [MUN_DESC], [DEP_ID]) VALUES (992, N'RIOBLANCO', 73)
INSERT [COM].[MUNICIPIO] ([MUN_ID], [MUN_DESC], [DEP_ID]) VALUES (993, N'RONCESVALLES', 73)
INSERT [COM].[MUNICIPIO] ([MUN_ID], [MUN_DESC], [DEP_ID]) VALUES (994, N'ROVIRA', 73)
INSERT [COM].[MUNICIPIO] ([MUN_ID], [MUN_DESC], [DEP_ID]) VALUES (995, N'SALDAÑA', 73)
INSERT [COM].[MUNICIPIO] ([MUN_ID], [MUN_DESC], [DEP_ID]) VALUES (996, N'SAN ANTONIO', 73)
INSERT [COM].[MUNICIPIO] ([MUN_ID], [MUN_DESC], [DEP_ID]) VALUES (997, N'SAN LUIS', 73)
INSERT [COM].[MUNICIPIO] ([MUN_ID], [MUN_DESC], [DEP_ID]) VALUES (998, N'SANTA ISABEL', 73)
INSERT [COM].[MUNICIPIO] ([MUN_ID], [MUN_DESC], [DEP_ID]) VALUES (999, N'SUAREZ', 73)
GO
INSERT [COM].[MUNICIPIO] ([MUN_ID], [MUN_DESC], [DEP_ID]) VALUES (1000, N'VALLE DE SAN JUAN', 73)
INSERT [COM].[MUNICIPIO] ([MUN_ID], [MUN_DESC], [DEP_ID]) VALUES (1001, N'VENADILLO', 73)
INSERT [COM].[MUNICIPIO] ([MUN_ID], [MUN_DESC], [DEP_ID]) VALUES (1002, N'VILLAHERMOSA', 73)
INSERT [COM].[MUNICIPIO] ([MUN_ID], [MUN_DESC], [DEP_ID]) VALUES (1003, N'VILLARRICA', 73)
INSERT [COM].[MUNICIPIO] ([MUN_ID], [MUN_DESC], [DEP_ID]) VALUES (1004, N'CALI', 76)
INSERT [COM].[MUNICIPIO] ([MUN_ID], [MUN_DESC], [DEP_ID]) VALUES (1005, N'ALCALA', 76)
INSERT [COM].[MUNICIPIO] ([MUN_ID], [MUN_DESC], [DEP_ID]) VALUES (1006, N'ANDALUCIA', 76)
INSERT [COM].[MUNICIPIO] ([MUN_ID], [MUN_DESC], [DEP_ID]) VALUES (1007, N'ANSERMANUEVO', 76)
INSERT [COM].[MUNICIPIO] ([MUN_ID], [MUN_DESC], [DEP_ID]) VALUES (1008, N'ARGELIA', 76)
INSERT [COM].[MUNICIPIO] ([MUN_ID], [MUN_DESC], [DEP_ID]) VALUES (1009, N'BOLIVAR', 76)
INSERT [COM].[MUNICIPIO] ([MUN_ID], [MUN_DESC], [DEP_ID]) VALUES (1010, N'BUENAVENTURA', 76)
INSERT [COM].[MUNICIPIO] ([MUN_ID], [MUN_DESC], [DEP_ID]) VALUES (1011, N'GUADALAJARA DE BUGA', 76)
INSERT [COM].[MUNICIPIO] ([MUN_ID], [MUN_DESC], [DEP_ID]) VALUES (1012, N'BUGALAGRANDE', 76)
INSERT [COM].[MUNICIPIO] ([MUN_ID], [MUN_DESC], [DEP_ID]) VALUES (1013, N'CAICEDONIA', 76)
INSERT [COM].[MUNICIPIO] ([MUN_ID], [MUN_DESC], [DEP_ID]) VALUES (1014, N'CALIMA', 76)
INSERT [COM].[MUNICIPIO] ([MUN_ID], [MUN_DESC], [DEP_ID]) VALUES (1015, N'CANDELARIA', 76)
INSERT [COM].[MUNICIPIO] ([MUN_ID], [MUN_DESC], [DEP_ID]) VALUES (1016, N'CARTAGO', 76)
INSERT [COM].[MUNICIPIO] ([MUN_ID], [MUN_DESC], [DEP_ID]) VALUES (1017, N'DAGUA', 76)
INSERT [COM].[MUNICIPIO] ([MUN_ID], [MUN_DESC], [DEP_ID]) VALUES (1018, N'EL AGUILA', 76)
INSERT [COM].[MUNICIPIO] ([MUN_ID], [MUN_DESC], [DEP_ID]) VALUES (1019, N'EL CAIRO', 76)
INSERT [COM].[MUNICIPIO] ([MUN_ID], [MUN_DESC], [DEP_ID]) VALUES (1020, N'EL CERRITO', 76)
INSERT [COM].[MUNICIPIO] ([MUN_ID], [MUN_DESC], [DEP_ID]) VALUES (1021, N'EL DOVIO', 76)
INSERT [COM].[MUNICIPIO] ([MUN_ID], [MUN_DESC], [DEP_ID]) VALUES (1022, N'FLORIDA', 76)
INSERT [COM].[MUNICIPIO] ([MUN_ID], [MUN_DESC], [DEP_ID]) VALUES (1023, N'GINEBRA', 76)
INSERT [COM].[MUNICIPIO] ([MUN_ID], [MUN_DESC], [DEP_ID]) VALUES (1024, N'GUACARI', 76)
INSERT [COM].[MUNICIPIO] ([MUN_ID], [MUN_DESC], [DEP_ID]) VALUES (1025, N'JAMUNDI', 76)
INSERT [COM].[MUNICIPIO] ([MUN_ID], [MUN_DESC], [DEP_ID]) VALUES (1026, N'LA CUMBRE', 76)
INSERT [COM].[MUNICIPIO] ([MUN_ID], [MUN_DESC], [DEP_ID]) VALUES (1027, N'LA UNION', 76)
INSERT [COM].[MUNICIPIO] ([MUN_ID], [MUN_DESC], [DEP_ID]) VALUES (1028, N'LA VICTORIA', 76)
INSERT [COM].[MUNICIPIO] ([MUN_ID], [MUN_DESC], [DEP_ID]) VALUES (1029, N'OBANDO', 76)
INSERT [COM].[MUNICIPIO] ([MUN_ID], [MUN_DESC], [DEP_ID]) VALUES (1030, N'PALMIRA', 76)
INSERT [COM].[MUNICIPIO] ([MUN_ID], [MUN_DESC], [DEP_ID]) VALUES (1031, N'PRADERA', 76)
INSERT [COM].[MUNICIPIO] ([MUN_ID], [MUN_DESC], [DEP_ID]) VALUES (1032, N'RESTREPO', 76)
INSERT [COM].[MUNICIPIO] ([MUN_ID], [MUN_DESC], [DEP_ID]) VALUES (1033, N'RIOFRIO', 76)
INSERT [COM].[MUNICIPIO] ([MUN_ID], [MUN_DESC], [DEP_ID]) VALUES (1034, N'ROLDANILLO', 76)
INSERT [COM].[MUNICIPIO] ([MUN_ID], [MUN_DESC], [DEP_ID]) VALUES (1035, N'SAN PEDRO', 76)
INSERT [COM].[MUNICIPIO] ([MUN_ID], [MUN_DESC], [DEP_ID]) VALUES (1036, N'SEVILLA', 76)
INSERT [COM].[MUNICIPIO] ([MUN_ID], [MUN_DESC], [DEP_ID]) VALUES (1037, N'TORO', 76)
INSERT [COM].[MUNICIPIO] ([MUN_ID], [MUN_DESC], [DEP_ID]) VALUES (1038, N'TRUJILLO', 76)
INSERT [COM].[MUNICIPIO] ([MUN_ID], [MUN_DESC], [DEP_ID]) VALUES (1039, N'TULUA', 76)
INSERT [COM].[MUNICIPIO] ([MUN_ID], [MUN_DESC], [DEP_ID]) VALUES (1040, N'ULLOA', 76)
INSERT [COM].[MUNICIPIO] ([MUN_ID], [MUN_DESC], [DEP_ID]) VALUES (1041, N'VERSALLES', 76)
INSERT [COM].[MUNICIPIO] ([MUN_ID], [MUN_DESC], [DEP_ID]) VALUES (1042, N'VIJES', 76)
INSERT [COM].[MUNICIPIO] ([MUN_ID], [MUN_DESC], [DEP_ID]) VALUES (1043, N'YOTOCO', 76)
INSERT [COM].[MUNICIPIO] ([MUN_ID], [MUN_DESC], [DEP_ID]) VALUES (1044, N'YUMBO', 76)
INSERT [COM].[MUNICIPIO] ([MUN_ID], [MUN_DESC], [DEP_ID]) VALUES (1045, N'ZARZAL', 76)
INSERT [COM].[MUNICIPIO] ([MUN_ID], [MUN_DESC], [DEP_ID]) VALUES (1046, N'ARAUCA', 81)
INSERT [COM].[MUNICIPIO] ([MUN_ID], [MUN_DESC], [DEP_ID]) VALUES (1047, N'ARAUQUITA', 81)
INSERT [COM].[MUNICIPIO] ([MUN_ID], [MUN_DESC], [DEP_ID]) VALUES (1048, N'CRAVO NORTE', 81)
INSERT [COM].[MUNICIPIO] ([MUN_ID], [MUN_DESC], [DEP_ID]) VALUES (1049, N'FORTUL', 81)
INSERT [COM].[MUNICIPIO] ([MUN_ID], [MUN_DESC], [DEP_ID]) VALUES (1050, N'PUERTO RONDON', 81)
INSERT [COM].[MUNICIPIO] ([MUN_ID], [MUN_DESC], [DEP_ID]) VALUES (1051, N'SARAVENA', 81)
INSERT [COM].[MUNICIPIO] ([MUN_ID], [MUN_DESC], [DEP_ID]) VALUES (1052, N'TAME', 81)
INSERT [COM].[MUNICIPIO] ([MUN_ID], [MUN_DESC], [DEP_ID]) VALUES (1053, N'YOPAL', 85)
INSERT [COM].[MUNICIPIO] ([MUN_ID], [MUN_DESC], [DEP_ID]) VALUES (1054, N'AGUAZUL', 85)
INSERT [COM].[MUNICIPIO] ([MUN_ID], [MUN_DESC], [DEP_ID]) VALUES (1055, N'CHAMEZA', 85)
INSERT [COM].[MUNICIPIO] ([MUN_ID], [MUN_DESC], [DEP_ID]) VALUES (1056, N'HATO COROZAL', 85)
INSERT [COM].[MUNICIPIO] ([MUN_ID], [MUN_DESC], [DEP_ID]) VALUES (1057, N'LA SALINA', 85)
INSERT [COM].[MUNICIPIO] ([MUN_ID], [MUN_DESC], [DEP_ID]) VALUES (1058, N'MANI', 85)
INSERT [COM].[MUNICIPIO] ([MUN_ID], [MUN_DESC], [DEP_ID]) VALUES (1059, N'MONTERREY', 85)
INSERT [COM].[MUNICIPIO] ([MUN_ID], [MUN_DESC], [DEP_ID]) VALUES (1060, N'NUNCHIA', 85)
INSERT [COM].[MUNICIPIO] ([MUN_ID], [MUN_DESC], [DEP_ID]) VALUES (1061, N'OROCUE', 85)
INSERT [COM].[MUNICIPIO] ([MUN_ID], [MUN_DESC], [DEP_ID]) VALUES (1062, N'PAZ DE ARIPORO', 85)
INSERT [COM].[MUNICIPIO] ([MUN_ID], [MUN_DESC], [DEP_ID]) VALUES (1063, N'PORE', 85)
INSERT [COM].[MUNICIPIO] ([MUN_ID], [MUN_DESC], [DEP_ID]) VALUES (1064, N'RECETOR', 85)
INSERT [COM].[MUNICIPIO] ([MUN_ID], [MUN_DESC], [DEP_ID]) VALUES (1065, N'SABANALARGA', 85)
INSERT [COM].[MUNICIPIO] ([MUN_ID], [MUN_DESC], [DEP_ID]) VALUES (1066, N'SACAMA', 85)
INSERT [COM].[MUNICIPIO] ([MUN_ID], [MUN_DESC], [DEP_ID]) VALUES (1067, N'SAN LUIS DE PALENQUE', 85)
INSERT [COM].[MUNICIPIO] ([MUN_ID], [MUN_DESC], [DEP_ID]) VALUES (1068, N'TAMARA', 85)
INSERT [COM].[MUNICIPIO] ([MUN_ID], [MUN_DESC], [DEP_ID]) VALUES (1069, N'TAURAMENA', 85)
INSERT [COM].[MUNICIPIO] ([MUN_ID], [MUN_DESC], [DEP_ID]) VALUES (1070, N'TRINIDAD', 85)
INSERT [COM].[MUNICIPIO] ([MUN_ID], [MUN_DESC], [DEP_ID]) VALUES (1071, N'VILLANUEVA', 85)
INSERT [COM].[MUNICIPIO] ([MUN_ID], [MUN_DESC], [DEP_ID]) VALUES (1072, N'MOCOA', 86)
INSERT [COM].[MUNICIPIO] ([MUN_ID], [MUN_DESC], [DEP_ID]) VALUES (1073, N'COLON', 86)
INSERT [COM].[MUNICIPIO] ([MUN_ID], [MUN_DESC], [DEP_ID]) VALUES (1074, N'ORITO', 86)
INSERT [COM].[MUNICIPIO] ([MUN_ID], [MUN_DESC], [DEP_ID]) VALUES (1075, N'PUERTO ASIS', 86)
INSERT [COM].[MUNICIPIO] ([MUN_ID], [MUN_DESC], [DEP_ID]) VALUES (1076, N'PUERTO CAICEDO', 86)
INSERT [COM].[MUNICIPIO] ([MUN_ID], [MUN_DESC], [DEP_ID]) VALUES (1077, N'PUERTO GUZMAN', 86)
INSERT [COM].[MUNICIPIO] ([MUN_ID], [MUN_DESC], [DEP_ID]) VALUES (1078, N'LEGUIZAMO', 86)
INSERT [COM].[MUNICIPIO] ([MUN_ID], [MUN_DESC], [DEP_ID]) VALUES (1079, N'SIBUNDOY', 86)
INSERT [COM].[MUNICIPIO] ([MUN_ID], [MUN_DESC], [DEP_ID]) VALUES (1080, N'SAN FRANCISCO', 86)
INSERT [COM].[MUNICIPIO] ([MUN_ID], [MUN_DESC], [DEP_ID]) VALUES (1081, N'SAN MIGUEL', 86)
INSERT [COM].[MUNICIPIO] ([MUN_ID], [MUN_DESC], [DEP_ID]) VALUES (1082, N'SANTIAGO', 86)
INSERT [COM].[MUNICIPIO] ([MUN_ID], [MUN_DESC], [DEP_ID]) VALUES (1083, N'VALLE DEL GUAMUEZ', 86)
INSERT [COM].[MUNICIPIO] ([MUN_ID], [MUN_DESC], [DEP_ID]) VALUES (1084, N'VILLAGARZON', 86)
INSERT [COM].[MUNICIPIO] ([MUN_ID], [MUN_DESC], [DEP_ID]) VALUES (1085, N'SAN ANDRES', 88)
INSERT [COM].[MUNICIPIO] ([MUN_ID], [MUN_DESC], [DEP_ID]) VALUES (1086, N'PROVIDENCIA', 88)
INSERT [COM].[MUNICIPIO] ([MUN_ID], [MUN_DESC], [DEP_ID]) VALUES (1087, N'LETICIA', 91)
INSERT [COM].[MUNICIPIO] ([MUN_ID], [MUN_DESC], [DEP_ID]) VALUES (1088, N'EL ENCANTO', 91)
INSERT [COM].[MUNICIPIO] ([MUN_ID], [MUN_DESC], [DEP_ID]) VALUES (1089, N'LA CHORRERA', 91)
INSERT [COM].[MUNICIPIO] ([MUN_ID], [MUN_DESC], [DEP_ID]) VALUES (1090, N'LA PEDRERA', 91)
INSERT [COM].[MUNICIPIO] ([MUN_ID], [MUN_DESC], [DEP_ID]) VALUES (1091, N'LA VICTORIA', 91)
INSERT [COM].[MUNICIPIO] ([MUN_ID], [MUN_DESC], [DEP_ID]) VALUES (1092, N'MIRITI - PARANA', 91)
INSERT [COM].[MUNICIPIO] ([MUN_ID], [MUN_DESC], [DEP_ID]) VALUES (1093, N'PUERTO ALEGRIA', 91)
INSERT [COM].[MUNICIPIO] ([MUN_ID], [MUN_DESC], [DEP_ID]) VALUES (1094, N'PUERTO ARICA', 91)
INSERT [COM].[MUNICIPIO] ([MUN_ID], [MUN_DESC], [DEP_ID]) VALUES (1095, N'PUERTO NARIÑO', 91)
INSERT [COM].[MUNICIPIO] ([MUN_ID], [MUN_DESC], [DEP_ID]) VALUES (1096, N'PUERTO SANTANDER', 91)
INSERT [COM].[MUNICIPIO] ([MUN_ID], [MUN_DESC], [DEP_ID]) VALUES (1097, N'TARAPACA', 91)
INSERT [COM].[MUNICIPIO] ([MUN_ID], [MUN_DESC], [DEP_ID]) VALUES (1098, N'INIRIDA', 94)
INSERT [COM].[MUNICIPIO] ([MUN_ID], [MUN_DESC], [DEP_ID]) VALUES (1099, N'BARRANCO MINAS', 94)
GO
INSERT [COM].[MUNICIPIO] ([MUN_ID], [MUN_DESC], [DEP_ID]) VALUES (1100, N'MAPIRIPANA', 94)
INSERT [COM].[MUNICIPIO] ([MUN_ID], [MUN_DESC], [DEP_ID]) VALUES (1101, N'SAN FELIPE', 94)
INSERT [COM].[MUNICIPIO] ([MUN_ID], [MUN_DESC], [DEP_ID]) VALUES (1102, N'PUERTO COLOMBIA', 94)
INSERT [COM].[MUNICIPIO] ([MUN_ID], [MUN_DESC], [DEP_ID]) VALUES (1103, N'LA GUADALUPE', 94)
INSERT [COM].[MUNICIPIO] ([MUN_ID], [MUN_DESC], [DEP_ID]) VALUES (1104, N'CACAHUAL', 94)
INSERT [COM].[MUNICIPIO] ([MUN_ID], [MUN_DESC], [DEP_ID]) VALUES (1105, N'PANA PANA', 94)
INSERT [COM].[MUNICIPIO] ([MUN_ID], [MUN_DESC], [DEP_ID]) VALUES (1106, N'MORICHAL', 94)
INSERT [COM].[MUNICIPIO] ([MUN_ID], [MUN_DESC], [DEP_ID]) VALUES (1107, N'SAN JOSE DEL GUAVIARE', 95)
INSERT [COM].[MUNICIPIO] ([MUN_ID], [MUN_DESC], [DEP_ID]) VALUES (1108, N'CALAMAR', 95)
INSERT [COM].[MUNICIPIO] ([MUN_ID], [MUN_DESC], [DEP_ID]) VALUES (1109, N'EL RETORNO', 95)
INSERT [COM].[MUNICIPIO] ([MUN_ID], [MUN_DESC], [DEP_ID]) VALUES (1110, N'MIRAFLORES', 95)
INSERT [COM].[MUNICIPIO] ([MUN_ID], [MUN_DESC], [DEP_ID]) VALUES (1111, N'MITU', 97)
INSERT [COM].[MUNICIPIO] ([MUN_ID], [MUN_DESC], [DEP_ID]) VALUES (1112, N'CARURU', 97)
INSERT [COM].[MUNICIPIO] ([MUN_ID], [MUN_DESC], [DEP_ID]) VALUES (1113, N'PACOA', 97)
INSERT [COM].[MUNICIPIO] ([MUN_ID], [MUN_DESC], [DEP_ID]) VALUES (1114, N'TARAIRA', 97)
INSERT [COM].[MUNICIPIO] ([MUN_ID], [MUN_DESC], [DEP_ID]) VALUES (1115, N'PAPUNAUA', 97)
INSERT [COM].[MUNICIPIO] ([MUN_ID], [MUN_DESC], [DEP_ID]) VALUES (1116, N'YAVARATE', 97)
INSERT [COM].[MUNICIPIO] ([MUN_ID], [MUN_DESC], [DEP_ID]) VALUES (1117, N'PUERTO CARREÑO', 99)
INSERT [COM].[MUNICIPIO] ([MUN_ID], [MUN_DESC], [DEP_ID]) VALUES (1118, N'LA PRIMAVERA', 99)
INSERT [COM].[MUNICIPIO] ([MUN_ID], [MUN_DESC], [DEP_ID]) VALUES (1119, N'SANTA ROSALIA', 99)
INSERT [COM].[MUNICIPIO] ([MUN_ID], [MUN_DESC], [DEP_ID]) VALUES (1120, N'CUMARIBO', 99)
SET IDENTITY_INSERT [COM].[MUNICIPIO] OFF
